work_id,Precision@5,Precision@10,Recall@10,Reciprocal_Rank,Hit@10
https://openalex.org/W1521626219,0.4,0.2,1.0,1.0,1.0
https://openalex.org/W2952230511,1.0,0.6,1.0,1.0,1.0
https://openalex.org/W2169818249,0.0,0.0,0.0,0.0,0.0
https://openalex.org/W1663984431,0.0,0.0,0.0,0.0,0.0
https://openalex.org/W2884001105,0.8,0.4,1.0,1.0,1.0
https://openalex.org/W3046375318,1.0,0.7,0.875,1.0,1.0
https://openalex.org/W3098824823,0.0,0.0,0.0,0.0,0.0
https://openalex.org/W4382246105,1.0,0.8,1.0,1.0,1.0
https://openalex.org/W1984708705,0.2,0.1,1.0,0.3333333333333333,1.0
https://openalex.org/W2002514548,0.0,0.1,0.5,0.1,1.0
https://openalex.org/W3190730109,0.0,0.0,0.0,0.0,0.0
https://openalex.org/W2131494463,0.0,0.0,0.0,0.0,0.0
https://openalex.org/W1871067837,0.2,0.3,1.0,0.3333333333333333,1.0
https://openalex.org/W2971258845,0.0,0.0,0.0,0.0,0.0
https://openalex.org/W3197876970,1.0,0.8,0.5333333333333333,1.0,1.0
https://openalex.org/W2753032179,0.0,0.0,0.0,0.0,0.0
https://openalex.org/W1970161214,0.0,0.0,0.0,0.0,0.0
https://openalex.org/W2805211535,0.2,0.1,0.5,0.25,1.0
https://openalex.org/W1965380368,0.2,0.1,1.0,0.25,1.0
https://openalex.org/W3115677442,0.0,0.0,0.0,0.0,0.0
https://openalex.org/W4408472883,0.2,0.1,1.0,1.0,1.0
https://openalex.org/W2912971066,0.6,0.3,0.75,1.0,1.0
https://openalex.org/W3128232076,1.0,0.5,1.0,1.0,1.0
https://openalex.org/W2063485028,0.4,0.2,1.0,1.0,1.0
https://openalex.org/W2166213950,0.2,0.1,1.0,1.0,1.0
https://openalex.org/W2808129629,0.0,0.0,0.0,0.0,0.0
https://openalex.org/W2598684926,0.2,0.1,1.0,0.5,1.0
https://openalex.org/W3181361218,0.0,0.0,0.0,0.0,0.0
https://openalex.org/W2484061479,0.2,0.1,0.5,0.2,1.0
https://openalex.org/W2620858438,0.0,0.0,0.0,0.0,0.0
https://openalex.org/W50740790,0.0,0.0,0.0,0.0,0.0
https://openalex.org/W2413904250,0.0,0.0,0.0,0.0,0.0
https://openalex.org/W3094140582,0.0,0.0,0.0,0.0,0.0
https://openalex.org/W2956612537,0.0,0.0,0.0,0.0,0.0
https://openalex.org/W4312516176,0.0,0.0,0.0,0.0,0.0
https://openalex.org/W1602694398,0.0,0.0,0.0,0.0,0.0
https://openalex.org/W2807329388,0.0,0.0,0.0,0.0,0.0
https://openalex.org/W2537052583,0.6,0.3,0.5,1.0,1.0
https://openalex.org/W2493916176,0.0,0.0,0.0,0.0,0.0
https://openalex.org/W3202375701,0.0,0.1,0.25,0.125,1.0
https://openalex.org/W2265658025,0.4,0.3,1.0,0.25,1.0
https://openalex.org/W2154773184,0.0,0.2,1.0,0.125,1.0
https://openalex.org/W4405971183,0.0,0.0,0.0,0.0,0.0
https://openalex.org/W3090395639,1.0,0.6,1.0,1.0,1.0
https://openalex.org/W4210706177,0.2,0.1,1.0,1.0,1.0
https://openalex.org/W4384211302,0.0,0.0,0.0,0.0,0.0
https://openalex.org/W4251745552,0.8,0.4,1.0,1.0,1.0
https://openalex.org/W2799568506,0.0,0.0,0.0,0.0,0.0
https://openalex.org/W2945068453,0.0,0.0,0.0,0.0,0.0
https://openalex.org/W3197782487,0.0,0.1,0.25,0.1111111111111111,1.0
https://openalex.org/W3024622987,0.6,0.3,1.0,1.0,1.0
https://openalex.org/W2887340847,0.0,0.0,0.0,0.0,0.0
https://openalex.org/W2438775341,0.0,0.1,1.0,0.1,1.0
https://openalex.org/W2495359255,0.2,0.1,1.0,1.0,1.0
https://openalex.org/W2970476646,0.0,0.0,0.0,0.0,0.0
https://openalex.org/W2119287989,0.0,0.0,0.0,0.0,0.0
https://openalex.org/W2138389163,0.0,0.0,0.0,0.0,0.0
https://openalex.org/W2066393862,0.0,0.0,0.0,0.0,0.0
https://openalex.org/W2890931798,0.0,0.0,0.0,0.0,0.0
https://openalex.org/W4385573017,0.0,0.0,0.0,0.0,0.0
https://openalex.org/W3166016508,1.0,0.6,1.0,1.0,1.0
https://openalex.org/W1570448133,0.0,0.1,1.0,0.1111111111111111,1.0
https://openalex.org/W1901616594,0.2,0.1,0.5,0.3333333333333333,1.0
https://openalex.org/W3163993681,0.2,0.1,1.0,0.25,1.0
https://openalex.org/W2131241448,0.0,0.1,0.5,0.16666666666666666,1.0
https://openalex.org/W1502922572,0.2,0.1,1.0,1.0,1.0
https://openalex.org/W2937307539,0.0,0.0,0.0,0.0,0.0
https://openalex.org/W1563088657,0.0,0.0,0.0,0.0,0.0
https://openalex.org/W2767079719,0.4,0.2,1.0,1.0,1.0
https://openalex.org/W164706946,0.4,0.2,1.0,1.0,1.0
https://openalex.org/W4213308398,0.2,0.1,1.0,1.0,1.0
https://openalex.org/W2919115771,0.0,0.0,0.0,0.0,0.0
https://openalex.org/W2792919287,0.0,0.0,0.0,0.0,0.0
https://openalex.org/W2792946961,0.2,0.1,1.0,0.2,1.0
https://openalex.org/W2095577883,0.6,0.3,1.0,0.5,1.0
https://openalex.org/W2963784900,0.2,0.1,0.5,0.25,1.0
https://openalex.org/W2547447472,0.2,0.1,1.0,0.2,1.0
https://openalex.org/W2902802452,0.0,0.1,0.5,0.14285714285714285,1.0
https://openalex.org/W2794778778,0.0,0.0,0.0,0.0,0.0
https://openalex.org/W9657784,0.4,0.2,1.0,0.25,1.0
https://openalex.org/W2429914308,0.2,0.1,0.5,1.0,1.0
https://openalex.org/W2913997948,0.0,0.0,0.0,0.0,0.0
https://openalex.org/W2562947506,0.0,0.0,0.0,0.0,0.0
https://openalex.org/W2083842231,0.0,0.0,0.0,0.0,0.0
https://openalex.org/W1588282782,0.0,0.0,0.0,0.0,0.0
https://openalex.org/W1501005121,0.0,0.0,0.0,0.0,0.0
https://openalex.org/W2924551358,0.0,0.0,0.0,0.0,0.0
https://openalex.org/W1651586605,0.4,0.2,1.0,1.0,1.0
https://openalex.org/W3164573547,0.0,0.0,0.0,0.0,0.0
https://openalex.org/W3099185017,0.0,0.0,0.0,0.0,0.0
https://openalex.org/W3007157104,0.0,0.0,0.0,0.0,0.0
https://openalex.org/W2971894235,0.2,0.1,1.0,0.5,1.0
https://openalex.org/W3137125108,0.2,0.1,1.0,0.3333333333333333,1.0
https://openalex.org/W2072735345,0.0,0.0,0.0,0.0,0.0
https://openalex.org/W2107386393,0.2,0.1,1.0,0.5,1.0
https://openalex.org/W2020786104,0.0,0.1,0.5,0.125,1.0
https://openalex.org/W2164455818,0.0,0.0,0.0,0.0,0.0
https://openalex.org/W2921873493,0.0,0.0,0.0,0.0,0.0
https://openalex.org/W2744909235,1.0,1.0,0.38461538461538464,1.0,1.0
https://openalex.org/W1514477737,0.0,0.0,0.0,0.0,0.0
https://openalex.org/W4244921287,0.2,0.1,1.0,1.0,1.0
https://openalex.org/W2623293810,0.2,0.1,1.0,0.25,1.0
https://openalex.org/W2981731882,0.0,0.0,0.0,0.0,0.0
https://openalex.org/W2670253439,0.2,0.1,1.0,1.0,1.0
https://openalex.org/W2963849010,0.4,0.2,1.0,0.25,1.0
https://openalex.org/W2963819344,0.2,0.1,1.0,1.0,1.0
https://openalex.org/W2906295032,0.0,0.0,0.0,0.0,0.0
https://openalex.org/W3109650690,0.0,0.1,0.5,0.1,1.0
https://openalex.org/W2927351257,0.0,0.0,0.0,0.0,0.0
https://openalex.org/W2738724892,0.2,0.1,0.5,1.0,1.0
https://openalex.org/W2807593075,0.0,0.0,0.0,0.0,0.0
https://openalex.org/W2934302500,0.0,0.0,0.0,0.0,0.0
https://openalex.org/W3016417837,0.0,0.0,0.0,0.0,0.0
https://openalex.org/W3013160799,0.0,0.1,1.0,0.125,1.0
https://openalex.org/W2624147939,0.0,0.0,0.0,0.0,0.0
https://openalex.org/W3039995705,0.0,0.2,1.0,0.14285714285714285,1.0
https://openalex.org/W2967444033,0.6,0.3,1.0,1.0,1.0
https://openalex.org/W3081261125,0.2,0.1,1.0,0.25,1.0
https://openalex.org/W3209901185,0.0,0.0,0.0,0.0,0.0
https://openalex.org/W2506282302,0.0,0.0,0.0,0.0,0.0
https://openalex.org/W4224990248,0.0,0.3,1.0,0.16666666666666666,1.0
https://openalex.org/W3013294478,0.6,0.3,1.0,1.0,1.0
https://openalex.org/W2972320421,0.6,0.3,1.0,1.0,1.0
https://openalex.org/W4389437528,0.4,0.2,1.0,1.0,1.0
https://openalex.org/W4294647307,0.0,0.0,0.0,0.0,0.0
https://openalex.org/W4304014045,0.0,0.0,0.0,0.0,0.0
https://openalex.org/W2558050786,0.0,0.0,0.0,0.0,0.0
https://openalex.org/W4313425238,0.0,0.0,0.0,0.0,0.0
https://openalex.org/W2902461656,0.0,0.1,1.0,0.14285714285714285,1.0
https://openalex.org/W3008058947,0.2,0.1,0.1,1.0,1.0
https://openalex.org/W2965520043,1.0,0.7,1.0,1.0,1.0
https://openalex.org/W2972441196,0.2,0.1,0.5,1.0,1.0
https://openalex.org/W2911462778,0.0,0.0,0.0,0.0,0.0
https://openalex.org/W4210271404,0.2,0.1,0.5,0.5,1.0
https://openalex.org/W4200191097,0.0,0.0,0.0,0.0,0.0
https://openalex.org/W4230775373,0.4,0.2,1.0,0.5,1.0
https://openalex.org/W2640557513,0.4,0.2,1.0,1.0,1.0
https://openalex.org/W4387379065,0.6,0.4,0.4444444444444444,1.0,1.0
https://openalex.org/W3134111219,0.0,0.0,0.0,0.0,0.0
https://openalex.org/W4229376924,0.2,0.1,0.25,0.25,1.0
https://openalex.org/W2785645041,0.6,0.3,1.0,0.5,1.0
https://openalex.org/W3027201985,0.0,0.0,0.0,0.0,0.0
https://openalex.org/W4229447215,0.0,0.0,0.0,0.0,0.0
https://openalex.org/W4383346782,0.0,0.0,0.0,0.0,0.0
https://openalex.org/W4392168151,1.0,0.5,0.8333333333333334,1.0,1.0
https://openalex.org/W4390278281,0.2,0.1,1.0,1.0,1.0
https://openalex.org/W4401509761,0.0,0.0,0.0,0.0,0.0
https://openalex.org/W4323706279,0.0,0.0,0.0,0.0,0.0
https://openalex.org/W4405586205,0.0,0.0,0.0,0.0,0.0
https://openalex.org/W4390828922,0.6,0.4,0.36363636363636365,1.0,1.0
https://openalex.org/W4386913199,0.4,0.2,1.0,1.0,1.0
https://openalex.org/W4384662087,1.0,0.6,1.0,1.0,1.0
https://openalex.org/W4392977114,0.4,0.2,1.0,1.0,1.0
https://openalex.org/W4402680739,0.0,0.0,0.0,0.0,0.0
https://openalex.org/W4404857974,0.2,0.3,0.42857142857142855,1.0,1.0
https://openalex.org/W4377235854,0.0,0.0,0.0,0.0,0.0
https://openalex.org/W4394994526,0.4,0.4,0.6666666666666666,0.5,1.0
https://openalex.org/W4387495024,0.0,0.0,0.0,0.0,0.0
https://openalex.org/W4393392363,0.2,0.1,1.0,0.3333333333333333,1.0
https://openalex.org/W4393864550,0.4,0.5,1.0,1.0,1.0
https://openalex.org/W4391129140,0.0,0.0,0.0,0.0,0.0
https://openalex.org/W4404518333,0.0,0.0,0.0,0.0,0.0
https://openalex.org/W4405628342,0.0,0.0,0.0,0.0,0.0
https://openalex.org/W4376652806,0.4,0.2,1.0,0.5,1.0
https://openalex.org/W4389201667,0.6,0.3,1.0,0.5,1.0
https://openalex.org/W4403714226,0.0,0.0,0.0,0.0,0.0
https://openalex.org/W4392376410,0.0,0.0,0.0,0.0,0.0
https://openalex.org/W4400228959,1.0,0.6,0.5,1.0,1.0
https://openalex.org/W4376504550,0.2,0.1,1.0,1.0,1.0
https://openalex.org/W4410109561,0.0,0.0,0.0,0.0,0.0
https://openalex.org/W4409329396,0.0,0.1,1.0,0.125,1.0
https://openalex.org/W4410874231,0.0,0.0,0.0,0.0,0.0
https://openalex.org/W4395113764,0.0,0.0,0.0,0.0,0.0
https://openalex.org/W4402118358,0.0,0.0,0.0,0.0,0.0
https://openalex.org/W1924689489,0.0,0.0,0.0,0.0,0.0
https://openalex.org/W2106365165,0.0,0.1,0.5,0.16666666666666666,1.0
https://openalex.org/W2072773380,0.4,0.2,1.0,1.0,1.0
https://openalex.org/W1969340322,0.6,0.3,1.0,1.0,1.0
https://openalex.org/W2062270497,0.2,0.1,0.5,0.3333333333333333,1.0
https://openalex.org/W1534714852,0.4,0.2,1.0,0.3333333333333333,1.0
https://openalex.org/W2131133093,0.0,0.0,0.0,0.0,0.0
https://openalex.org/W2131876387,0.0,0.0,0.0,0.0,0.0
https://openalex.org/W2073853190,0.4,0.2,0.6666666666666666,1.0,1.0
https://openalex.org/W2080068757,0.8,0.4,1.0,1.0,1.0
https://openalex.org/W2033937535,0.0,0.0,0.0,0.0,0.0
https://openalex.org/W1990589796,0.0,0.0,0.0,0.0,0.0
https://openalex.org/W2110189854,0.2,0.1,1.0,0.2,1.0
https://openalex.org/W1992609556,0.2,0.1,1.0,0.2,1.0
https://openalex.org/W2139543149,0.6,0.3,1.0,1.0,1.0
https://openalex.org/W208548429,0.2,0.1,1.0,1.0,1.0
https://openalex.org/W2085391968,0.0,0.1,1.0,0.1111111111111111,1.0
https://openalex.org/W2168859760,0.2,0.1,1.0,0.25,1.0
https://openalex.org/W2768218911,0.4,0.2,1.0,1.0,1.0
https://openalex.org/W30790492,0.0,0.0,0.0,0.0,0.0
https://openalex.org/W1977089507,0.2,0.1,1.0,0.5,1.0
https://openalex.org/W4206655182,0.0,0.0,0.0,0.0,0.0
https://openalex.org/W2163382007,0.2,0.1,1.0,0.25,1.0
https://openalex.org/W2139059438,0.0,0.0,0.0,0.0,0.0
https://openalex.org/W2069315482,0.2,0.1,1.0,0.3333333333333333,1.0
https://openalex.org/W2009979684,0.0,0.0,0.0,0.0,0.0
https://openalex.org/W19867504,0.0,0.1,1.0,0.1111111111111111,1.0
https://openalex.org/W29496115,0.4,0.2,1.0,1.0,1.0
https://openalex.org/W1822223425,0.2,0.1,1.0,1.0,1.0
https://openalex.org/W1554104313,0.2,0.1,1.0,0.2,1.0
https://openalex.org/W4252060112,0.6,0.3,1.0,1.0,1.0
https://openalex.org/W2951483008,0.4,0.4,1.0,0.5,1.0
https://openalex.org/W2047137193,0.0,0.0,0.0,0.0,0.0
https://openalex.org/W2387719207,0.0,0.0,0.0,0.0,0.0
https://openalex.org/W2067273185,0.4,0.2,1.0,1.0,1.0
https://openalex.org/W1877784842,0.0,0.0,0.0,0.0,0.0
https://openalex.org/W2162746367,0.4,0.2,1.0,1.0,1.0
https://openalex.org/W1513915383,0.0,0.1,1.0,0.125,1.0
https://openalex.org/W2155194165,0.0,0.0,0.0,0.0,0.0
https://openalex.org/W2055981215,0.0,0.0,0.0,0.0,0.0
https://openalex.org/W3160981298,0.4,0.2,1.0,0.5,1.0
https://openalex.org/W2009142739,0.0,0.0,0.0,0.0,0.0
https://openalex.org/W2140821974,0.0,0.0,0.0,0.0,0.0
https://openalex.org/W2091123475,0.0,0.0,0.0,0.0,0.0
https://openalex.org/W2085656890,0.2,0.1,1.0,0.25,1.0
https://openalex.org/W1987936485,0.8,0.4,1.0,1.0,1.0
https://openalex.org/W2169583766,0.0,0.0,0.0,0.0,0.0
https://openalex.org/W2774514250,0.0,0.0,0.0,0.0,0.0
https://openalex.org/W1988834506,0.0,0.0,0.0,0.0,0.0
https://openalex.org/W2115276990,0.2,0.1,1.0,1.0,1.0
https://openalex.org/W2053095442,0.0,0.0,0.0,0.0,0.0
https://openalex.org/W2143450461,0.0,0.1,1.0,0.16666666666666666,1.0
https://openalex.org/W2115941721,0.4,0.2,1.0,0.5,1.0
https://openalex.org/W2127713022,0.2,0.1,1.0,1.0,1.0
https://openalex.org/W4233337856,0.0,0.1,0.5,0.1,1.0
https://openalex.org/W2283196293,0.0,0.0,0.0,0.0,0.0
https://openalex.org/W2184957013,0.0,0.2,0.6666666666666666,0.16666666666666666,1.0
https://openalex.org/W2250342289,0.0,0.0,0.0,0.0,0.0
https://openalex.org/W2551361256,0.0,0.0,0.0,0.0,0.0
https://openalex.org/W2798864014,0.0,0.0,0.0,0.0,0.0
https://openalex.org/W2963718112,0.0,0.0,0.0,0.0,0.0
https://openalex.org/W3095750623,0.0,0.0,0.0,0.0,0.0
https://openalex.org/W2433281745,0.0,0.0,0.0,0.0,0.0
https://openalex.org/W2572147858,0.0,0.0,0.0,0.0,0.0
https://openalex.org/W2785761199,0.0,0.0,0.0,0.0,0.0
https://openalex.org/W4386443326,0.0,0.0,0.0,0.0,0.0
https://openalex.org/W3023009950,0.0,0.0,0.0,0.0,0.0
https://openalex.org/W2963870853,0.0,0.0,0.0,0.0,0.0
https://openalex.org/W2581887665,0.2,0.1,1.0,1.0,1.0
https://openalex.org/W3093922720,0.0,0.0,0.0,0.0,0.0
https://openalex.org/W2563063592,0.4,0.5,1.0,0.25,1.0
https://openalex.org/W2997062749,0.6,0.6,1.0,0.3333333333333333,1.0
https://openalex.org/W2523199059,0.4,0.2,1.0,1.0,1.0
https://openalex.org/W2963485453,0.2,0.1,1.0,1.0,1.0
https://openalex.org/W2963203544,0.4,0.2,1.0,1.0,1.0
https://openalex.org/W3012000912,0.6,0.5,0.8333333333333334,0.5,1.0
https://openalex.org/W4381679608,0.6,0.5,0.7142857142857143,1.0,1.0
https://openalex.org/W4401754921,0.2,0.1,0.3333333333333333,0.25,1.0
https://openalex.org/W2963068946,1.0,0.5,1.0,1.0,1.0
https://openalex.org/W3093150592,0.0,0.0,0.0,0.0,0.0
https://openalex.org/W2605089588,0.0,0.0,0.0,0.0,0.0
https://openalex.org/W2962850650,0.0,0.0,0.0,0.0,0.0
https://openalex.org/W2763039547,0.0,0.1,0.25,0.14285714285714285,1.0
https://openalex.org/W2964207259,0.6,0.3,1.0,1.0,1.0
https://openalex.org/W4200329746,0.0,0.0,0.0,0.0,0.0
https://openalex.org/W4229024390,0.0,0.0,0.0,0.0,0.0
https://openalex.org/W2996899616,0.0,0.1,0.2,0.14285714285714285,1.0
https://openalex.org/W3007807538,0.6,0.3,1.0,0.3333333333333333,1.0
https://openalex.org/W3080122044,0.0,0.0,0.0,0.0,0.0
https://openalex.org/W2963503534,0.4,0.2,1.0,1.0,1.0
https://openalex.org/W2510906045,0.0,0.0,0.0,0.0,0.0
https://openalex.org/W4392384521,0.6,0.3,1.0,1.0,1.0
https://openalex.org/W2963149704,0.0,0.0,0.0,0.0,0.0
https://openalex.org/W2964263523,0.0,0.1,0.5,0.1111111111111111,1.0
https://openalex.org/W4211060471,0.0,0.0,0.0,0.0,0.0
https://openalex.org/W2971167006,0.0,0.0,0.0,0.0,0.0
https://openalex.org/W2572289264,0.0,0.0,0.0,0.0,0.0
https://openalex.org/W2807873315,0.0,0.0,0.0,0.0,0.0
https://openalex.org/W4380303532,0.0,0.0,0.0,0.0,0.0
https://openalex.org/W3089843526,0.0,0.0,0.0,0.0,0.0
https://openalex.org/W1934264538,0.6,0.3,1.0,1.0,1.0
https://openalex.org/W3106445281,0.0,0.3,0.6,0.16666666666666666,1.0
https://openalex.org/W4291746941,0.0,0.0,0.0,0.0,0.0
https://openalex.org/W4402567773,1.0,1.0,0.8333333333333334,1.0,1.0
https://openalex.org/W2786433705,0.0,0.0,0.0,0.0,0.0
https://openalex.org/W3100606581,0.0,0.0,0.0,0.0,0.0
https://openalex.org/W2913224127,0.0,0.0,0.0,0.0,0.0
https://openalex.org/W3165066581,0.0,0.0,0.0,0.0,0.0
https://openalex.org/W2981175810,0.0,0.0,0.0,0.0,0.0
https://openalex.org/W3147487821,0.2,0.3,1.0,0.2,1.0
https://openalex.org/W2295570185,0.0,0.0,0.0,0.0,0.0
https://openalex.org/W2963688791,0.4,0.2,1.0,0.5,1.0
https://openalex.org/W2980649541,0.0,0.0,0.0,0.0,0.0
https://openalex.org/W4380993239,1.0,0.6,1.0,1.0,1.0
https://openalex.org/W4307003748,0.0,0.0,0.0,0.0,0.0
https://openalex.org/W3093871960,0.0,0.0,0.0,0.0,0.0
https://openalex.org/W3133319183,0.0,0.0,0.0,0.0,0.0
https://openalex.org/W4207076851,0.2,0.1,0.3333333333333333,1.0,1.0
https://openalex.org/W2951045955,0.6,0.3,1.0,1.0,1.0
https://openalex.org/W2769065924,0.0,0.0,0.0,0.0,0.0
https://openalex.org/W3104007871,0.0,0.0,0.0,0.0,0.0
https://openalex.org/W2097286355,0.8,0.4,1.0,1.0,1.0
https://openalex.org/W2810583043,0.2,0.1,1.0,1.0,1.0
https://openalex.org/W4402671983,0.0,0.0,0.0,0.0,0.0
https://openalex.org/W2251079237,0.0,0.0,0.0,0.0,0.0
https://openalex.org/W4284687473,0.0,0.0,0.0,0.0,0.0
https://openalex.org/W3129998940,0.0,0.0,0.0,0.0,0.0
https://openalex.org/W3091984691,0.0,0.0,0.0,0.0,0.0
https://openalex.org/W4224316956,0.2,0.1,1.0,1.0,1.0
MEAN,0.18349834983498348,0.1198019801980198,0.43914374038136417,0.3297134475352297,0.5082508250825083
