work_id,split
https://openalex.org/W104683279,train
https://openalex.org/W108101778,train
https://openalex.org/W111672511,train
https://openalex.org/W11211593,train
https://openalex.org/W114517082,train
https://openalex.org/W122374328,train
https://openalex.org/W135190683,train
https://openalex.org/W139989439,train
https://openalex.org/W1408981388,train
https://openalex.org/W140981346,train
https://openalex.org/W1410460,train
https://openalex.org/W142212369,train
https://openalex.org/W1441180700,train
https://openalex.org/W1472067,train
https://openalex.org/W1482813370,train
https://openalex.org/W1483950005,train
https://openalex.org/W1485009520,train
https://openalex.org/W1490022694,train
https://openalex.org/W1490308602,train
https://openalex.org/W1491182995,train
https://openalex.org/W1492939502,train
https://openalex.org/W1493576607,train
https://openalex.org/W1493949745,train
https://openalex.org/W1494192115,train
https://openalex.org/W1495061682,train
https://openalex.org/W1497256448,train
https://openalex.org/W1497861021,train
https://openalex.org/W1498183065,train
https://openalex.org/W1500117362,train
https://openalex.org/W1502904630,train
https://openalex.org/W1503398984,train
https://openalex.org/W1504212872,train
https://openalex.org/W1505191356,train
https://openalex.org/W1506806321,train
https://openalex.org/W1507150160,train
https://openalex.org/W1507424295,train
https://openalex.org/W1511212867,train
https://openalex.org/W1511963917,train
https://openalex.org/W1512750313,train
https://openalex.org/W1513310202,train
https://openalex.org/W1515865104,train
https://openalex.org/W1517590677,train
https://openalex.org/W1519040553,train
https://openalex.org/W1519936037,train
https://openalex.org/W1521111469,train
https://openalex.org/W1523813553,train
https://openalex.org/W1524366219,train
https://openalex.org/W1528262008,train
https://openalex.org/W1528364680,train
https://openalex.org/W1529355025,train
https://openalex.org/W1529533208,train
https://openalex.org/W1530622307,train
https://openalex.org/W1532325895,train
https://openalex.org/W1532362218,train
https://openalex.org/W1533230146,train
https://openalex.org/W1533653983,train
https://openalex.org/W1534442584,train
https://openalex.org/W1534477342,train
https://openalex.org/W1537000426,train
https://openalex.org/W1538085078,train
https://openalex.org/W1541288193,train
https://openalex.org/W1541931954,train
https://openalex.org/W1543039027,train
https://openalex.org/W1543039562,train
https://openalex.org/W1543659671,train
https://openalex.org/W1544548656,train
https://openalex.org/W1547082571,train
https://openalex.org/W1549014378,train
https://openalex.org/W1549998098,train
https://openalex.org/W1550597138,train
https://openalex.org/W1550696814,train
https://openalex.org/W1552513054,train
https://openalex.org/W1552863221,train
https://openalex.org/W1553682320,train
https://openalex.org/W1554394657,train
https://openalex.org/W1554540371,train
https://openalex.org/W1555244713,train
https://openalex.org/W1556327471,train
https://openalex.org/W1558712519,train
https://openalex.org/W1559783642,train
https://openalex.org/W1560107318,train
https://openalex.org/W1563804946,train
https://openalex.org/W1564534945,train
https://openalex.org/W1566376227,train
https://openalex.org/W1569098853,train
https://openalex.org/W1569512666,train
https://openalex.org/W1571179743,train
https://openalex.org/W1574862351,train
https://openalex.org/W1574901103,train
https://openalex.org/W1578957392,train
https://openalex.org/W1584533718,train
https://openalex.org/W1589050831,train
https://openalex.org/W1590183771,train
https://openalex.org/W1592458933,train
https://openalex.org/W1593292134,train
https://openalex.org/W1593532658,train
https://openalex.org/W1593657456,train
https://openalex.org/W1594962278,train
https://openalex.org/W1596324102,train
https://openalex.org/W1597521809,train
https://openalex.org/W1598801177,train
https://openalex.org/W1599871777,train
https://openalex.org/W1602667807,train
https://openalex.org/W1602773505,train
https://openalex.org/W1606527432,train
https://openalex.org/W1607425652,train
https://openalex.org/W1607717835,train
https://openalex.org/W1608549042,train
https://openalex.org/W16128758,train
https://openalex.org/W1620784846,train
https://openalex.org/W1637593105,train
https://openalex.org/W1639032689,train
https://openalex.org/W1652592581,train
https://openalex.org/W1658342862,train
https://openalex.org/W1660390307,train
https://openalex.org/W1663973292,train
https://openalex.org/W1680797894,train
https://openalex.org/W1686844196,train
https://openalex.org/W168954559,train
https://openalex.org/W170732776,train
https://openalex.org/W171567834,train
https://openalex.org/W1717702867,train
https://openalex.org/W1720804347,train
https://openalex.org/W1726806267,train
https://openalex.org/W1727881885,train
https://openalex.org/W173092572,train
https://openalex.org/W173995639,train
https://openalex.org/W1746620543,train
https://openalex.org/W1746819321,train
https://openalex.org/W174941419,train
https://openalex.org/W1759973002,train
https://openalex.org/W178169250,train
https://openalex.org/W1781980207,train
https://openalex.org/W1812474519,train
https://openalex.org/W1845198550,train
https://openalex.org/W1851403712,train
https://openalex.org/W1853291804,train
https://openalex.org/W1868287705,train
https://openalex.org/W1873332500,train
https://openalex.org/W1888026739,train
https://openalex.org/W1892629070,train
https://openalex.org/W1909180194,train
https://openalex.org/W1930458234,train
https://openalex.org/W1933798900,train
https://openalex.org/W1934398053,train
https://openalex.org/W1942169943,train
https://openalex.org/W1944672,train
https://openalex.org/W1956559956,train
https://openalex.org/W1962818100,train
https://openalex.org/W1963094505,train
https://openalex.org/W1964348731,train
https://openalex.org/W1964839117,train
https://openalex.org/W1965061793,train
https://openalex.org/W1965419851,train
https://openalex.org/W1966835268,train
https://openalex.org/W1967972613,train
https://openalex.org/W1967981232,train
https://openalex.org/W1968680079,train
https://openalex.org/W1968848598,train
https://openalex.org/W1969457446,train
https://openalex.org/W1969733464,train
https://openalex.org/W1970253213,train
https://openalex.org/W1971044734,train
https://openalex.org/W1972594981,train
https://openalex.org/W1972978393,train
https://openalex.org/W1973435495,train
https://openalex.org/W1973693034,train
https://openalex.org/W1973697738,train
https://openalex.org/W1974025666,train
https://openalex.org/W1974166884,train
https://openalex.org/W1974406477,train
https://openalex.org/W1978304080,train
https://openalex.org/W1978721560,train
https://openalex.org/W1978752707,train
https://openalex.org/W1979055255,train
https://openalex.org/W1979325497,train
https://openalex.org/W1979955134,train
https://openalex.org/W1979963107,train
https://openalex.org/W1980730196,train
https://openalex.org/W1981109290,train
https://openalex.org/W1981253330,train
https://openalex.org/W1981740417,train
https://openalex.org/W1982114217,train
https://openalex.org/W19828709,train
https://openalex.org/W1982938880,train
https://openalex.org/W1983182180,train
https://openalex.org/W1983551905,train
https://openalex.org/W1983989471,train
https://openalex.org/W1984569839,train
https://openalex.org/W1984681168,train
https://openalex.org/W1984739144,train
https://openalex.org/W1985347735,train
https://openalex.org/W1985364607,train
https://openalex.org/W1985421360,train
https://openalex.org/W1985947101,train
https://openalex.org/W1985987493,train
https://openalex.org/W1986070285,train
https://openalex.org/W1987054081,train
https://openalex.org/W1987248861,train
https://openalex.org/W1987389174,train
https://openalex.org/W1987436126,train
https://openalex.org/W1989020770,train
https://openalex.org/W1989220366,train
https://openalex.org/W1990190154,train
https://openalex.org/W1992419399,train
https://openalex.org/W1993220166,train
https://openalex.org/W1993306479,train
https://openalex.org/W1993692165,train
https://openalex.org/W1994005439,train
https://openalex.org/W1994306321,train
https://openalex.org/W1994556419,train
https://openalex.org/W1994559819,train
https://openalex.org/W1994960885,train
https://openalex.org/W1995496265,train
https://openalex.org/W1995687988,train
https://openalex.org/W1997211290,train
https://openalex.org/W1997650168,train
https://openalex.org/W1997841190,train
https://openalex.org/W1997866278,train
https://openalex.org/W1997885138,train
https://openalex.org/W1998399571,train
https://openalex.org/W1998546380,train
https://openalex.org/W1999322447,train
https://openalex.org/W1999393241,train
https://openalex.org/W1999822211,train
https://openalex.org/W2000577984,train
https://openalex.org/W2001014535,train
https://openalex.org/W2001154722,train
https://openalex.org/W2001832483,train
https://openalex.org/W2002254092,train
https://openalex.org/W2002306339,train
https://openalex.org/W2002659088,train
https://openalex.org/W2002969368,train
https://openalex.org/W2003103143,train
https://openalex.org/W2003238113,train
https://openalex.org/W2004690028,train
https://openalex.org/W2006121889,train
https://openalex.org/W2006997130,train
https://openalex.org/W2007339694,train
https://openalex.org/W2007624857,train
https://openalex.org/W2007725949,train
https://openalex.org/W2007815473,train
https://openalex.org/W2008248260,train
https://openalex.org/W2008700866,train
https://openalex.org/W2008883775,train
https://openalex.org/W2009077327,train
https://openalex.org/W2009086942,train
https://openalex.org/W2009287352,train
https://openalex.org/W2009790391,train
https://openalex.org/W2009796613,train
https://openalex.org/W2010222480,train
https://openalex.org/W2011003805,train
https://openalex.org/W2012688710,train
https://openalex.org/W2014435183,train
https://openalex.org/W2014907590,train
https://openalex.org/W2015338694,train
https://openalex.org/W2015811642,train
https://openalex.org/W2016973429,train
https://openalex.org/W2018026600,train
https://openalex.org/W2019260194,train
https://openalex.org/W2019818855,train
https://openalex.org/W2020713996,train
https://openalex.org/W2022995284,train
https://openalex.org/W2024181699,train
https://openalex.org/W2024244759,train
https://openalex.org/W2024679399,train
https://openalex.org/W202534592,train
https://openalex.org/W2026131661,train
https://openalex.org/W2026324192,train
https://openalex.org/W2027280740,train
https://openalex.org/W2027445772,train
https://openalex.org/W2028009320,train
https://openalex.org/W2028140375,train
https://openalex.org/W2028342611,train
https://openalex.org/W2028690179,train
https://openalex.org/W2029185382,train
https://openalex.org/W2030910246,train
https://openalex.org/W2031213082,train
https://openalex.org/W2031302834,train
https://openalex.org/W2031738616,train
https://openalex.org/W2031767620,train
https://openalex.org/W2032866865,train
https://openalex.org/W2033780370,train
https://openalex.org/W2034701578,train
https://openalex.org/W2034989007,train
https://openalex.org/W2035242626,train
https://openalex.org/W2035575455,train
https://openalex.org/W2037087310,train
https://openalex.org/W2037140704,train
https://openalex.org/W2037625543,train
https://openalex.org/W2038014947,train
https://openalex.org/W2038678505,train
https://openalex.org/W2039499406,train
https://openalex.org/W2040659137,train
https://openalex.org/W2040884411,train
https://openalex.org/W2041126289,train
https://openalex.org/W2041565863,train
https://openalex.org/W2041616772,train
https://openalex.org/W2042024605,train
https://openalex.org/W2042492924,train
https://openalex.org/W2042659457,train
https://openalex.org/W2043351574,train
https://openalex.org/W2044330180,train
https://openalex.org/W2044601358,train
https://openalex.org/W2044743392,train
https://openalex.org/W2045812729,train
https://openalex.org/W2046134527,train
https://openalex.org/W2046325278,train
https://openalex.org/W2046902062,train
https://openalex.org/W2047031127,train
https://openalex.org/W204790106,train
https://openalex.org/W2047959359,train
https://openalex.org/W2048266589,train
https://openalex.org/W205043379,train
https://openalex.org/W2051928158,train
https://openalex.org/W2053479646,train
https://openalex.org/W2053673723,train
https://openalex.org/W2053717624,train
https://openalex.org/W2054873730,train
https://openalex.org/W2055032581,train
https://openalex.org/W2055412520,train
https://openalex.org/W2055543848,train
https://openalex.org/W2055818490,train
https://openalex.org/W2056584528,train
https://openalex.org/W2058731966,train
https://openalex.org/W2059363583,train
https://openalex.org/W2059442634,train
https://openalex.org/W2061954183,train
https://openalex.org/W2062458775,train
https://openalex.org/W2062874156,train
https://openalex.org/W2065265824,train
https://openalex.org/W2065432550,train
https://openalex.org/W2065649161,train
https://openalex.org/W2066180141,train
https://openalex.org/W2066610120,train
https://openalex.org/W2067802667,train
https://openalex.org/W2068086934,train
https://openalex.org/W2068297964,train
https://openalex.org/W2068632118,train
https://openalex.org/W2068905009,train
https://openalex.org/W2069065514,train
https://openalex.org/W2069816479,train
https://openalex.org/W2072750586,train
https://openalex.org/W2073346043,train
https://openalex.org/W2073587810,train
https://openalex.org/W2073982987,train
https://openalex.org/W2074054740,train
https://openalex.org/W2074616700,train
https://openalex.org/W2074870484,train
https://openalex.org/W2075893676,train
https://openalex.org/W2076063813,train
https://openalex.org/W2079153738,train
https://openalex.org/W2079896767,train
https://openalex.org/W2080051508,train
https://openalex.org/W2082258771,train
https://openalex.org/W2082359527,train
https://openalex.org/W2082729696,train
https://openalex.org/W2082889357,train
https://openalex.org/W2083017379,train
https://openalex.org/W2084457609,train
https://openalex.org/W2084540239,train
https://openalex.org/W2084812512,train
https://openalex.org/W2085789144,train
https://openalex.org/W2087016914,train
https://openalex.org/W2087207261,train
https://openalex.org/W2089853757,train
https://openalex.org/W2089933214,train
https://openalex.org/W2089967673,train
https://openalex.org/W2091316907,train
https://openalex.org/W2092850018,train
https://openalex.org/W2093390569,train
https://openalex.org/W2093432797,train
https://openalex.org/W2093976457,train
https://openalex.org/W2095368471,train
https://openalex.org/W2096175520,train
https://openalex.org/W2096352448,train
https://openalex.org/W2096411881,train
https://openalex.org/W2096468639,train
https://openalex.org/W2096772585,train
https://openalex.org/W2097742402,train
https://openalex.org/W2097802284,train
https://openalex.org/W2098201295,train
https://openalex.org/W2098206081,train
https://openalex.org/W2098740506,train
https://openalex.org/W2099671082,train
https://openalex.org/W2099868020,train
https://openalex.org/W2099938389,train
https://openalex.org/W2101109743,train
https://openalex.org/W2101234009,train
https://openalex.org/W2102823665,train
https://openalex.org/W2103179193,train
https://openalex.org/W2104436836,train
https://openalex.org/W2104489082,train
https://openalex.org/W2104679989,train
https://openalex.org/W2105037262,train
https://openalex.org/W2105099387,train
https://openalex.org/W2105981469,train
https://openalex.org/W2107163626,train
https://openalex.org/W2107668593,train
https://openalex.org/W2107703929,train
https://openalex.org/W2108347737,train
https://openalex.org/W2108807072,train
https://openalex.org/W2109056977,train
https://openalex.org/W2109244020,train
https://openalex.org/W2109634664,train
https://openalex.org/W2109722477,train
https://openalex.org/W2110220994,train
https://openalex.org/W2110933113,train
https://openalex.org/W2111072639,train
https://openalex.org/W2111547563,train
https://openalex.org/W2111865815,train
https://openalex.org/W2112648537,train
https://openalex.org/W2115076780,train
https://openalex.org/W2115148430,train
https://openalex.org/W2115568835,train
https://openalex.org/W2116446440,train
https://openalex.org/W2116737258,train
https://openalex.org/W2117130368,train
https://openalex.org/W2117400858,train
https://openalex.org/W2117871237,train
https://openalex.org/W2118020653,train
https://openalex.org/W2121835362,train
https://openalex.org/W2122410182,train
https://openalex.org/W2123442489,train
https://openalex.org/W2124555297,train
https://openalex.org/W2124617249,train
https://openalex.org/W2124914669,train
https://openalex.org/W2125055259,train
https://openalex.org/W2125908420,train
https://openalex.org/W2126129257,train
https://openalex.org/W2126716737,train
https://openalex.org/W2126854223,train
https://openalex.org/W2128569883,train
https://openalex.org/W2129038679,train
https://openalex.org/W212909726,train
https://openalex.org/W2129245267,train
https://openalex.org/W2129971563,train
https://openalex.org/W2131062488,train
https://openalex.org/W2131381130,train
https://openalex.org/W2132314908,train
https://openalex.org/W2132484736,train
https://openalex.org/W2132678463,train
https://openalex.org/W2133564696,train
https://openalex.org/W2134440707,train
https://openalex.org/W2134557008,train
https://openalex.org/W2134603844,train
https://openalex.org/W2135194391,train
https://openalex.org/W2135503940,train
https://openalex.org/W2135620230,train
https://openalex.org/W2135682088,train
https://openalex.org/W2136542423,train
https://openalex.org/W2136552597,train
https://openalex.org/W2136583886,train
https://openalex.org/W2136623223,train
https://openalex.org/W2136729221,train
https://openalex.org/W2136987143,train
https://openalex.org/W2137219016,train
https://openalex.org/W2138162199,train
https://openalex.org/W2138162238,train
https://openalex.org/W2138178898,train
https://openalex.org/W2138238723,train
https://openalex.org/W2138378644,train
https://openalex.org/W2138517257,train
https://openalex.org/W2138779671,train
https://openalex.org/W2138918086,train
https://openalex.org/W2139653758,train
https://openalex.org/W2139893373,train
https://openalex.org/W2140601463,train
https://openalex.org/W2140735141,train
https://openalex.org/W2141608913,train
https://openalex.org/W2141985320,train
https://openalex.org/W2142269169,train
https://openalex.org/W2142334564,train
https://openalex.org/W2142999328,train
https://openalex.org/W2144717132,train
https://openalex.org/W2145541974,train
https://openalex.org/W2145544171,train
https://openalex.org/W2145732224,train
https://openalex.org/W2145804350,train
https://openalex.org/W2145946200,train
https://openalex.org/W2146037576,train
https://openalex.org/W2146081877,train
https://openalex.org/W2146781646,train
https://openalex.org/W2146960954,train
https://openalex.org/W2147069236,train
https://openalex.org/W2147272182,train
https://openalex.org/W2147492008,train
https://openalex.org/W2147792648,train
https://openalex.org/W2148212498,train
https://openalex.org/W2148484494,train
https://openalex.org/W2148512505,train
https://openalex.org/W2149427297,train
https://openalex.org/W2149527488,train
https://openalex.org/W2149684865,train
https://openalex.org/W2149945051,train
https://openalex.org/W2150291840,train
https://openalex.org/W2150307013,train
https://openalex.org/W2150871663,train
https://openalex.org/W2151298633,train
https://openalex.org/W2151591509,train
https://openalex.org/W2151654631,train
https://openalex.org/W2152475379,train
https://openalex.org/W2153252192,train
https://openalex.org/W2153258502,train
https://openalex.org/W2153319474,train
https://openalex.org/W2153819437,train
https://openalex.org/W2153927559,train
https://openalex.org/W2154104658,train
https://openalex.org/W2154504357,train
https://openalex.org/W2154654620,train
https://openalex.org/W2155456580,train
https://openalex.org/W2155471967,train
https://openalex.org/W2155653793,train
https://openalex.org/W2156235098,train
https://openalex.org/W2156518033,train
https://openalex.org/W2156909104,train
https://openalex.org/W2157331557,train
https://openalex.org/W2157422183,train
https://openalex.org/W2158028897,train
https://openalex.org/W2158485497,train
https://openalex.org/W2158505321,train
https://openalex.org/W2158899491,train
https://openalex.org/W2160194473,train
https://openalex.org/W2160471965,train
https://openalex.org/W2160645305,train
https://openalex.org/W2160825952,train
https://openalex.org/W2161336914,train
https://openalex.org/W2162059449,train
https://openalex.org/W2162172169,train
https://openalex.org/W2162233306,train
https://openalex.org/W2162256707,train
https://openalex.org/W2162432120,train
https://openalex.org/W2162630660,train
https://openalex.org/W2162697159,train
https://openalex.org/W2164547069,train
https://openalex.org/W2164856000,train
https://openalex.org/W2165022036,train
https://openalex.org/W2165476957,train
https://openalex.org/W2165698076,train
https://openalex.org/W2166400110,train
https://openalex.org/W2167831055,train
https://openalex.org/W2167839443,train
https://openalex.org/W2168020168,train
https://openalex.org/W2168029744,train
https://openalex.org/W2169347997,train
https://openalex.org/W2169606435,train
https://openalex.org/W2170282673,train
https://openalex.org/W2170872814,train
https://openalex.org/W2171144767,train
https://openalex.org/W2171830166,train
https://openalex.org/W2174287231,train
https://openalex.org/W2177870565,train
https://openalex.org/W2180407021,train
https://openalex.org/W2182361439,train
https://openalex.org/W2185489349,train
https://openalex.org/W2188034239,train
https://openalex.org/W2189149359,train
https://openalex.org/W2189162242,train
https://openalex.org/W2191333630,train
https://openalex.org/W2198380824,train
https://openalex.org/W2207774637,train
https://openalex.org/W2218047931,train
https://openalex.org/W2222863356,train
https://openalex.org/W2226877337,train
https://openalex.org/W2231146925,train
https://openalex.org/W2233447580,train
https://openalex.org/W2234575251,train
https://openalex.org/W2238966896,train
https://openalex.org/W2239231358,train
https://openalex.org/W2240086230,train
https://openalex.org/W2241862190,train
https://openalex.org/W2243512948,train
https://openalex.org/W2249040818,train
https://openalex.org/W2250224884,train
https://openalex.org/W2250376704,train
https://openalex.org/W2251241778,train
https://openalex.org/W2251797717,train
https://openalex.org/W2251939518,train
https://openalex.org/W2255290991,train
https://openalex.org/W2263798363,train
https://openalex.org/W2263972221,train
https://openalex.org/W2268702383,train
https://openalex.org/W2269870390,train
https://openalex.org/W2270423142,train
https://openalex.org/W2271840356,train
https://openalex.org/W2284729062,train
https://openalex.org/W2292869588,train
https://openalex.org/W2294764339,train
https://openalex.org/W2295072214,train
https://openalex.org/W2295415819,train
https://openalex.org/W2295598076,train
https://openalex.org/W2300445845,train
https://openalex.org/W2300469216,train
https://openalex.org/W2306830220,train
https://openalex.org/W2312579046,train
https://openalex.org/W2316166351,train
https://openalex.org/W2323678723,train
https://openalex.org/W2325227998,train
https://openalex.org/W232533489,train
https://openalex.org/W2336384382,train
https://openalex.org/W2337155942,train
https://openalex.org/W2338526423,train
https://openalex.org/W2339329611,train
https://openalex.org/W2341587966,train
https://openalex.org/W2342603028,train
https://openalex.org/W2345195116,train
https://openalex.org/W2347129741,train
https://openalex.org/W2385545,train
https://openalex.org/W2397944984,train
https://openalex.org/W2399101711,train
https://openalex.org/W2401976587,train
https://openalex.org/W2402144811,train
https://openalex.org/W2402803841,train
https://openalex.org/W2406349003,train
https://openalex.org/W2408141691,train
https://openalex.org/W2411190207,train
https://openalex.org/W2415378597,train
https://openalex.org/W2417831201,train
https://openalex.org/W2420245003,train
https://openalex.org/W243270425,train
https://openalex.org/W2436219157,train
https://openalex.org/W2461943168,train
https://openalex.org/W2463592278,train
https://openalex.org/W2464171116,train
https://openalex.org/W2464725281,train
https://openalex.org/W2469230926,train
https://openalex.org/W2470965540,train
https://openalex.org/W2476701415,train
https://openalex.org/W2482023025,train
https://openalex.org/W2482331001,train
https://openalex.org/W2484412399,train
https://openalex.org/W2486229885,train
https://openalex.org/W2487925454,train
https://openalex.org/W2488809669,train
https://openalex.org/W2491030916,train
https://openalex.org/W2495120132,train
https://openalex.org/W2497265084,train
https://openalex.org/W2499581503,train
https://openalex.org/W2499696929,train
https://openalex.org/W2501634593,train
https://openalex.org/W2502247839,train
https://openalex.org/W2508393166,train
https://openalex.org/W2511234952,train
https://openalex.org/W2513506629,train
https://openalex.org/W2514852614,train
https://openalex.org/W2518663325,train
https://openalex.org/W2519887557,train
https://openalex.org/W2520022941,train
https://openalex.org/W2520469311,train
https://openalex.org/W2521200999,train
https://openalex.org/W2521267242,train
https://openalex.org/W2524023279,train
https://openalex.org/W2525230286,train
https://openalex.org/W2525381941,train
https://openalex.org/W2530417694,train
https://openalex.org/W2531563875,train
https://openalex.org/W2532651260,train
https://openalex.org/W2536379393,train
https://openalex.org/W2536769020,train
https://openalex.org/W2547620388,train
https://openalex.org/W2548006041,train
https://openalex.org/W2556343638,train
https://openalex.org/W2558476738,train
https://openalex.org/W2559010931,train
https://openalex.org/W2559394418,train
https://openalex.org/W2560569441,train
https://openalex.org/W2561529111,train
https://openalex.org/W2562251009,train
https://openalex.org/W2562531153,train
https://openalex.org/W2562618250,train
https://openalex.org/W2562682442,train
https://openalex.org/W2563509697,train
https://openalex.org/W256534578,train
https://openalex.org/W2565989828,train
https://openalex.org/W2569307494,train
https://openalex.org/W2569349941,train
https://openalex.org/W2570220393,train
https://openalex.org/W2571811098,train
https://openalex.org/W2572179331,train
https://openalex.org/W2573189311,train
https://openalex.org/W2574978968,train
https://openalex.org/W2576404523,train
https://openalex.org/W2576683119,train
https://openalex.org/W2577646479,train
https://openalex.org/W2579161546,train
https://openalex.org/W2580712957,train
https://openalex.org/W2580906503,train
https://openalex.org/W2581465409,train
https://openalex.org/W2582336686,train
https://openalex.org/W2582664174,train
https://openalex.org/W2582743722,train
https://openalex.org/W2583955450,train
https://openalex.org/W2584261443,train
https://openalex.org/W2584757698,train
https://openalex.org/W2585152223,train
https://openalex.org/W2587019100,train
https://openalex.org/W2587223734,train
https://openalex.org/W2588003345,train
https://openalex.org/W2588222330,train
https://openalex.org/W2588978745,train
https://openalex.org/W2591368218,train
https://openalex.org/W2591957553,train
https://openalex.org/W2592549418,train
https://openalex.org/W2593088329,train
https://openalex.org/W2593581739,train
https://openalex.org/W2594183968,train
https://openalex.org/W2594475271,train
https://openalex.org/W2595724883,train
https://openalex.org/W2599749253,train
https://openalex.org/W2599901939,train
https://openalex.org/W2600297185,train
https://openalex.org/W2601810315,train
https://openalex.org/W2602753196,train
https://openalex.org/W2603766943,train
https://openalex.org/W2604165577,train
https://openalex.org/W2604314403,train
https://openalex.org/W2604599489,train
https://openalex.org/W2604738573,train
https://openalex.org/W2605350416,train
https://openalex.org/W2606089314,train
https://openalex.org/W2606363443,train
https://openalex.org/W2606363764,train
https://openalex.org/W2606497935,train
https://openalex.org/W2606769376,train
https://openalex.org/W2606916050,train
https://openalex.org/W2607662938,train
https://openalex.org/W2607683755,train
https://openalex.org/W2608239929,train
https://openalex.org/W2609731728,train
https://openalex.org/W2610135452,train
https://openalex.org/W2610394652,train
https://openalex.org/W2610907808,train
https://openalex.org/W2611726225,train
https://openalex.org/W2614257592,train
https://openalex.org/W2615154302,train
https://openalex.org/W2615497679,train
https://openalex.org/W2617110182,train
https://openalex.org/W2618735189,train
https://openalex.org/W2619383789,train
https://openalex.org/W2620687153,train
https://openalex.org/W2621688363,train
https://openalex.org/W2623273758,train
https://openalex.org/W2624816748,train
https://openalex.org/W2625880233,train
https://openalex.org/W26485589,train
https://openalex.org/W2651948199,train
https://openalex.org/W2664267452,train
https://openalex.org/W2671962986,train
https://openalex.org/W26772505,train
https://openalex.org/W2724395316,train
https://openalex.org/W2725049817,train
https://openalex.org/W2726585279,train
https://openalex.org/W2727650337,train
https://openalex.org/W2728059831,train
https://openalex.org/W2729710884,train
https://openalex.org/W2730202632,train
https://openalex.org/W2733840449,train
https://openalex.org/W2735585131,train
https://openalex.org/W2737184189,train
https://openalex.org/W2738442461,train
https://openalex.org/W2738975713,train
https://openalex.org/W2740168486,train
https://openalex.org/W2740253077,train
https://openalex.org/W2740569051,train
https://openalex.org/W2740983644,train
https://openalex.org/W2741307002,train
https://openalex.org/W2742835787,train
https://openalex.org/W2742947407,train
https://openalex.org/W2743269518,train
https://openalex.org/W2743373436,train
https://openalex.org/W2745110207,train
https://openalex.org/W2745980806,train
https://openalex.org/W2746582091,train
https://openalex.org/W2746791326,train
https://openalex.org/W2747680751,train
https://openalex.org/W2748606298,train
https://openalex.org/W2748789698,train
https://openalex.org/W2749701213,train
https://openalex.org/W2750384547,train
https://openalex.org/W2751060233,train
https://openalex.org/W2751723768,train
https://openalex.org/W2752689052,train
https://openalex.org/W2752936485,train
https://openalex.org/W2753415590,train
https://openalex.org/W2753588101,train
https://openalex.org/W2755637027,train
https://openalex.org/W2755889034,train
https://openalex.org/W2756291343,train
https://openalex.org/W2757431232,train
https://openalex.org/W2759136286,train
https://openalex.org/W2759962768,train
https://openalex.org/W2762644836,train
https://openalex.org/W2765257612,train
https://openalex.org/W2766317792,train
https://openalex.org/W2766690634,train
https://openalex.org/W2767287441,train
https://openalex.org/W2767381938,train
https://openalex.org/W2767479331,train
https://openalex.org/W2767568774,train
https://openalex.org/W2769122466,train
https://openalex.org/W2769334230,train
https://openalex.org/W2769851464,train
https://openalex.org/W2770717476,train
https://openalex.org/W2770962865,train
https://openalex.org/W2771472444,train
https://openalex.org/W2772121968,train
https://openalex.org/W2772124661,train
https://openalex.org/W2772700764,train
https://openalex.org/W2773446523,train
https://openalex.org/W2775173797,train
https://openalex.org/W2776173802,train
https://openalex.org/W2776393547,train
https://openalex.org/W2778732622,train
https://openalex.org/W2782238183,train
https://openalex.org/W2783386352,train
https://openalex.org/W2783687327,train
https://openalex.org/W2783727254,train
https://openalex.org/W2783913644,train
https://openalex.org/W2785942661,train
https://openalex.org/W2786141192,train
https://openalex.org/W2786204509,train
https://openalex.org/W2786472750,train
https://openalex.org/W2787225861,train
https://openalex.org/W2787427645,train
https://openalex.org/W2788798739,train
https://openalex.org/W2789845225,train
https://openalex.org/W2789894922,train
https://openalex.org/W2790209545,train
https://openalex.org/W2790755967,train
https://openalex.org/W2790843555,train
https://openalex.org/W2791164948,train
https://openalex.org/W2791315675,train
https://openalex.org/W2791694051,train
https://openalex.org/W2792145227,train
https://openalex.org/W2792315573,train
https://openalex.org/W2792712441,train
https://openalex.org/W2792919371,train
https://openalex.org/W2792932412,train
https://openalex.org/W2793927960,train
https://openalex.org/W2793978524,train
https://openalex.org/W2795435272,train
https://openalex.org/W2795867722,train
https://openalex.org/W2796755741,train
https://openalex.org/W2797309124,train
https://openalex.org/W2797402103,train
https://openalex.org/W2797672282,train
https://openalex.org/W2798621714,train
https://openalex.org/W2798701005,train
https://openalex.org/W2798935874,train
https://openalex.org/W2799620402,train
https://openalex.org/W2800722845,train
https://openalex.org/W2800857888,train
https://openalex.org/W2801991413,train
https://openalex.org/W2803760365,train
https://openalex.org/W2803876882,train
https://openalex.org/W2803881474,train
https://openalex.org/W2804057010,train
https://openalex.org/W2804354698,train
https://openalex.org/W2804361106,train
https://openalex.org/W2804978390,train
https://openalex.org/W2805142011,train
https://openalex.org/W2805208465,train
https://openalex.org/W2805310212,train
https://openalex.org/W2805695644,train
https://openalex.org/W2806834952,train
https://openalex.org/W2807042118,train
https://openalex.org/W2807352623,train
https://openalex.org/W2807480793,train
https://openalex.org/W2807786182,train
https://openalex.org/W2808284704,train
https://openalex.org/W2808769206,train
https://openalex.org/W2809925683,train
https://openalex.org/W2810095012,train
https://openalex.org/W2810349670,train
https://openalex.org/W2810451479,train
https://openalex.org/W2810511505,train
https://openalex.org/W2810576820,train
https://openalex.org/W2830440988,train
https://openalex.org/W2834475042,train
https://openalex.org/W2852434548,train
https://openalex.org/W2855469196,train
https://openalex.org/W2882640,train
https://openalex.org/W2883583109,train
https://openalex.org/W2884159461,train
https://openalex.org/W2884430236,train
https://openalex.org/W2884686506,train
https://openalex.org/W2884745705,train
https://openalex.org/W2885711033,train
https://openalex.org/W2885770726,train
https://openalex.org/W2886522935,train
https://openalex.org/W2886684409,train
https://openalex.org/W2886801379,train
https://openalex.org/W2887597838,train
https://openalex.org/W2887768933,train
https://openalex.org/W2887853521,train
https://openalex.org/W2888109941,train
https://openalex.org/W2888487581,train
https://openalex.org/W2888572441,train
https://openalex.org/W2889234142,train
https://openalex.org/W2889276770,train
https://openalex.org/W2889344053,train
https://openalex.org/W2889391310,train
https://openalex.org/W2889742741,train
https://openalex.org/W2889782235,train
https://openalex.org/W2890187992,train
https://openalex.org/W2890216969,train
https://openalex.org/W2890410208,train
https://openalex.org/W2890592029,train
https://openalex.org/W2890718808,train
https://openalex.org/W2890793284,train
https://openalex.org/W2890902769,train
https://openalex.org/W2890930935,train
https://openalex.org/W2891112820,train
https://openalex.org/W2891336206,train
https://openalex.org/W2891503716,train
https://openalex.org/W2891820987,train
https://openalex.org/W2892024857,train
https://openalex.org/W2892741787,train
https://openalex.org/W2892809998,train
https://openalex.org/W28930810,train
https://openalex.org/W2893693469,train
https://openalex.org/W2893740026,train
https://openalex.org/W2893775232,train
https://openalex.org/W2894468641,train
https://openalex.org/W2895420596,train
https://openalex.org/W2895763047,train
https://openalex.org/W2896245505,train
https://openalex.org/W2896457183,train
https://openalex.org/W2896893468,train
https://openalex.org/W2897250207,train
https://openalex.org/W2897312458,train
https://openalex.org/W2897620540,train
https://openalex.org/W2898155085,train
https://openalex.org/W2898192966,train
https://openalex.org/W2898569419,train
https://openalex.org/W2898761039,train
https://openalex.org/W2899204128,train
https://openalex.org/W2899314786,train
https://openalex.org/W2899337480,train
https://openalex.org/W2899768131,train
https://openalex.org/W2899856450,train
https://openalex.org/W2899876413,train
https://openalex.org/W2900172366,train
https://openalex.org/W2900298334,train
https://openalex.org/W2900329012,train
https://openalex.org/W2900531459,train
https://openalex.org/W2900548288,train
https://openalex.org/W2901226889,train
https://openalex.org/W2901411193,train
https://openalex.org/W2901743512,train
https://openalex.org/W2901934569,train
https://openalex.org/W2902201493,train
https://openalex.org/W2902480423,train
https://openalex.org/W2902672843,train
https://openalex.org/W2903010511,train
https://openalex.org/W290340400,train
https://openalex.org/W2903875997,train
https://openalex.org/W2903963001,train
https://openalex.org/W2904378456,train
https://openalex.org/W2904685725,train
https://openalex.org/W2905267911,train
https://openalex.org/W2905810301,train
https://openalex.org/W2907510403,train
https://openalex.org/W2907973054,train
https://openalex.org/W2908162093,train
https://openalex.org/W2908201961,train
https://openalex.org/W2908230750,train
https://openalex.org/W2909137510,train
https://openalex.org/W2910096450,train
https://openalex.org/W2910396842,train
https://openalex.org/W2910705748,train
https://openalex.org/W2910707576,train
https://openalex.org/W2911227954,train
https://openalex.org/W2911489562,train
https://openalex.org/W2911605224,train
https://openalex.org/W2911778742,train
https://openalex.org/W2911964244,train
https://openalex.org/W2912137501,train
https://openalex.org/W2912185124,train
https://openalex.org/W2912213068,train
https://openalex.org/W2912275277,train
https://openalex.org/W2912351665,train
https://openalex.org/W2912409473,train
https://openalex.org/W2912581524,train
https://openalex.org/W2912664727,train
https://openalex.org/W2913571457,train
https://openalex.org/W2913602408,train
https://openalex.org/W2913668833,train
https://openalex.org/W2914584698,train
https://openalex.org/W2914592219,train
https://openalex.org/W2914598080,train
https://openalex.org/W2915053252,train
https://openalex.org/W2915292867,train
https://openalex.org/W2915357442,train
https://openalex.org/W2915623326,train
https://openalex.org/W2916559661,train
https://openalex.org/W2917157846,train
https://openalex.org/W2917458986,train
https://openalex.org/W2917767525,train
https://openalex.org/W2918428907,train
https://openalex.org/W2919278763,train
https://openalex.org/W2919338369,train
https://openalex.org/W2920166258,train
https://openalex.org/W2921335396,train
https://openalex.org/W2922234936,train
https://openalex.org/W2922386288,train
https://openalex.org/W2923222994,train
https://openalex.org/W2923537029,train
https://openalex.org/W2923964967,train
https://openalex.org/W2924260403,train
https://openalex.org/W2931198394,train
https://openalex.org/W2933602294,train
https://openalex.org/W2934399013,train
https://openalex.org/W2936573766,train
https://openalex.org/W2937037822,train
https://openalex.org/W2937186836,train
https://openalex.org/W2937444804,train
https://openalex.org/W2937759506,train
https://openalex.org/W2938803199,train
https://openalex.org/W2939592887,train
https://openalex.org/W2940009958,train
https://openalex.org/W2940087734,train
https://openalex.org/W2941584439,train
https://openalex.org/W2942026896,train
https://openalex.org/W2942193471,train
https://openalex.org/W2942858056,train
https://openalex.org/W2943370629,train
https://openalex.org/W2943491685,train
https://openalex.org/W2944671994,train
https://openalex.org/W2945295328,train
https://openalex.org/W2945526235,train
https://openalex.org/W2945594170,train
https://openalex.org/W2945688618,train
https://openalex.org/W2945976633,train
https://openalex.org/W2947012833,train
https://openalex.org/W2947151330,train
https://openalex.org/W2947411064,train
https://openalex.org/W2949095042,train
https://openalex.org/W2949358505,train
https://openalex.org/W2949434543,train
https://openalex.org/W2949767632,train
https://openalex.org/W2949972983,train
https://openalex.org/W2950275995,train
https://openalex.org/W2950339735,train
https://openalex.org/W2950457956,train
https://openalex.org/W2950604577,train
https://openalex.org/W2950865323,train
https://openalex.org/W2950888501,train
https://openalex.org/W2950944546,train
https://openalex.org/W2951048068,train
https://openalex.org/W2951264618,train
https://openalex.org/W2951278869,train
https://openalex.org/W2951515642,train
https://openalex.org/W2953019443,train
https://openalex.org/W2953054275,train
https://openalex.org/W2953320089,train
https://openalex.org/W2953384591,train
https://openalex.org/W2953468444,train
https://openalex.org/W2953532875,train
https://openalex.org/W2953958347,train
https://openalex.org/W2954276333,train
https://openalex.org/W2954503794,train
https://openalex.org/W2954849019,train
https://openalex.org/W2955088691,train
https://openalex.org/W2955238243,train
https://openalex.org/W2955338161,train
https://openalex.org/W2955653438,train
https://openalex.org/W2958089299,train
https://openalex.org/W295828404,train
https://openalex.org/W2958529963,train
https://openalex.org/W2959938226,train
https://openalex.org/W2960630842,train
https://openalex.org/W2962411443,train
https://openalex.org/W2962727772,train
https://openalex.org/W2962763344,train
https://openalex.org/W2962785943,train
https://openalex.org/W2962869320,train
https://openalex.org/W2962886429,train
https://openalex.org/W2962936385,train
https://openalex.org/W2962949934,train
https://openalex.org/W2963041663,train
https://openalex.org/W2963157366,train
https://openalex.org/W2963175158,train
https://openalex.org/W2963217826,train
https://openalex.org/W2963232127,train
https://openalex.org/W2963276152,train
https://openalex.org/W2963359213,train
https://openalex.org/W2963380480,train
https://openalex.org/W2963413537,train
https://openalex.org/W2963469133,train
https://openalex.org/W2963486920,train
https://openalex.org/W2963518130,train
https://openalex.org/W2963534707,train
https://openalex.org/W2963571857,train
https://openalex.org/W2963676638,train
https://openalex.org/W2963844355,train
https://openalex.org/W2963911286,train
https://openalex.org/W2963923670,train
https://openalex.org/W2964007976,train
https://openalex.org/W2964030506,train
https://openalex.org/W2964072618,train
https://openalex.org/W2964116313,train
https://openalex.org/W2964121744,train
https://openalex.org/W2964221236,train
https://openalex.org/W2964303497,train
https://openalex.org/W2964732384,train
https://openalex.org/W2964855489,train
https://openalex.org/W2965653989,train
https://openalex.org/W2965786352,train
https://openalex.org/W2966055354,train
https://openalex.org/W2966298461,train
https://openalex.org/W2966349618,train
https://openalex.org/W2966351171,train
https://openalex.org/W2966555834,train
https://openalex.org/W2966787092,train
https://openalex.org/W2967056613,train
https://openalex.org/W2967464015,train
https://openalex.org/W2967663220,train
https://openalex.org/W2967884905,train
https://openalex.org/W2968923792,train
https://openalex.org/W2969117470,train
https://openalex.org/W2969580338,train
https://openalex.org/W2969625533,train
https://openalex.org/W2969715170,train
https://openalex.org/W2969881216,train
https://openalex.org/W2969896603,train
https://openalex.org/W2969912247,train
https://openalex.org/W2970641574,train
https://openalex.org/W2970771982,train
https://openalex.org/W2971797472,train
https://openalex.org/W2972050955,train
https://openalex.org/W2972167903,train
https://openalex.org/W2972392269,train
https://openalex.org/W2972418846,train
https://openalex.org/W2972535098,train
https://openalex.org/W2973032093,train
https://openalex.org/W2973131549,train
https://openalex.org/W2973193541,train
https://openalex.org/W2973537858,train
https://openalex.org/W2973631095,train
https://openalex.org/W2973840669,train
https://openalex.org/W2974184401,train
https://openalex.org/W2974737854,train
https://openalex.org/W2974922583,train
https://openalex.org/W2976265969,train
https://openalex.org/W2977181930,train
https://openalex.org/W2977797911,train
https://openalex.org/W2978195003,train
https://openalex.org/W2979279941,train
https://openalex.org/W2979543333,train
https://openalex.org/W2979736514,train
https://openalex.org/W2979826702,train
https://openalex.org/W2979906316,train
https://openalex.org/W2979935581,train
https://openalex.org/W2980282514,train
https://openalex.org/W2980446414,train
https://openalex.org/W2980525481,train
https://openalex.org/W2980563481,train
https://openalex.org/W2980576170,train
https://openalex.org/W2980616108,train
https://openalex.org/W2980659949,train
https://openalex.org/W2981120761,train
https://openalex.org/W2981150963,train
https://openalex.org/W2981296841,train
https://openalex.org/W2982325639,train
https://openalex.org/W2982378168,train
https://openalex.org/W2982546989,train
https://openalex.org/W2982580298,train
https://openalex.org/W2982720039,train
https://openalex.org/W2983050946,train
https://openalex.org/W2983128379,train
https://openalex.org/W2985105610,train
https://openalex.org/W2985900875,train
https://openalex.org/W2988237903,train
https://openalex.org/W2988293491,train
https://openalex.org/W2989857225,train
https://openalex.org/W2990168612,train
https://openalex.org/W2990290777,train
https://openalex.org/W2990346675,train
https://openalex.org/W2990768863,train
https://openalex.org/W2990816204,train
https://openalex.org/W2991532994,train
https://openalex.org/W2992586577,train
https://openalex.org/W2993873509,train
https://openalex.org/W2995098893,train
https://openalex.org/W2995201943,train
https://openalex.org/W2995523160,train
https://openalex.org/W2995738274,train
https://openalex.org/W2995887567,train
https://openalex.org/W2996061341,train
https://openalex.org/W2996075766,train
https://openalex.org/W2996550193,train
https://openalex.org/W2996775350,train
https://openalex.org/W2996919866,train
https://openalex.org/W2997468044,train
https://openalex.org/W2997514453,train
https://openalex.org/W2997569720,train
https://openalex.org/W2997617958,train
https://openalex.org/W2997634552,train
https://openalex.org/W2997704374,train
https://openalex.org/W2997738974,train
https://openalex.org/W2997837621,train
https://openalex.org/W2997897037,train
https://openalex.org/W2998385486,train
https://openalex.org/W2998386822,train
https://openalex.org/W2998506103,train
https://openalex.org/W2998528434,train
https://openalex.org/W2998847955,train
https://openalex.org/W2999026783,train
https://openalex.org/W2999145841,train
https://openalex.org/W2999331643,train
https://openalex.org/W3000291311,train
https://openalex.org/W3000309212,train
https://openalex.org/W3000603264,train
https://openalex.org/W3001077607,train
https://openalex.org/W3002093512,train
https://openalex.org/W3002881589,train
https://openalex.org/W3003265726,train
https://openalex.org/W3003507729,train
https://openalex.org/W3003611599,train
https://openalex.org/W3003897916,train
https://openalex.org/W3003906593,train
https://openalex.org/W3004035003,train
https://openalex.org/W3004088204,train
https://openalex.org/W3004493409,train
https://openalex.org/W3004561114,train
https://openalex.org/W3004611733,train
https://openalex.org/W3004766324,train
https://openalex.org/W3005335661,train
https://openalex.org/W3005353977,train
https://openalex.org/W300553845,train
https://openalex.org/W3005595604,train
https://openalex.org/W3006087551,train
https://openalex.org/W3006150655,train
https://openalex.org/W3006156918,train
https://openalex.org/W3006227201,train
https://openalex.org/W3006615433,train
https://openalex.org/W3006630858,train
https://openalex.org/W3006913750,train
https://openalex.org/W3007217854,train
https://openalex.org/W3007935259,train
https://openalex.org/W3008070742,train
https://openalex.org/W3008626511,train
https://openalex.org/W3009207988,train
https://openalex.org/W3009311085,train
https://openalex.org/W3009431628,train
https://openalex.org/W3009457452,train
https://openalex.org/W3009784374,train
https://openalex.org/W3009785512,train
https://openalex.org/W3010336026,train
https://openalex.org/W3010521003,train
https://openalex.org/W3011149445,train
https://openalex.org/W3011186445,train
https://openalex.org/W3011460294,train
https://openalex.org/W3011511325,train
https://openalex.org/W3011574394,train
https://openalex.org/W3011742849,train
https://openalex.org/W3011809564,train
https://openalex.org/W3012590175,train
https://openalex.org/W3012846531,train
https://openalex.org/W3013681994,train
https://openalex.org/W3013998503,train
https://openalex.org/W3014406063,train
https://openalex.org/W3014596384,train
https://openalex.org/W3015001695,train
https://openalex.org/W3015158377,train
https://openalex.org/W3015409108,train
https://openalex.org/W3015977534,train
https://openalex.org/W3016123475,train
https://openalex.org/W3017117984,train
https://openalex.org/W3017131514,train
https://openalex.org/W3017157646,train
https://openalex.org/W3018423233,train
https://openalex.org/W3019464069,train
https://openalex.org/W3019998525,train
https://openalex.org/W3021393704,train
https://openalex.org/W3021636956,train
https://openalex.org/W3021909058,train
https://openalex.org/W3023401576,train
https://openalex.org/W3023997891,train
https://openalex.org/W3024922541,train
https://openalex.org/W3025104221,train
https://openalex.org/W3025161810,train
https://openalex.org/W3025370095,train
https://openalex.org/W3025637241,train
https://openalex.org/W3028447429,train
https://openalex.org/W3029137193,train
https://openalex.org/W3029587262,train
https://openalex.org/W3029881688,train
https://openalex.org/W3031047561,train
https://openalex.org/W3031279360,train
https://openalex.org/W3031696893,train
https://openalex.org/W3032628389,train
https://openalex.org/W3032746405,train
https://openalex.org/W3032913569,train
https://openalex.org/W3032934243,train
https://openalex.org/W3033094275,train
https://openalex.org/W3033190121,train
https://openalex.org/W3033511014,train
https://openalex.org/W3033896008,train
https://openalex.org/W3033928040,train
https://openalex.org/W3034344071,train
https://openalex.org/W3034374701,train
https://openalex.org/W3034569646,train
https://openalex.org/W3034758281,train
https://openalex.org/W3034833075,train
https://openalex.org/W3034862985,train
https://openalex.org/W3035011799,train
https://openalex.org/W3035191547,train
https://openalex.org/W3035251378,train
https://openalex.org/W3035251962,train
https://openalex.org/W3035286874,train
https://openalex.org/W3035336738,train
https://openalex.org/W3035377849,train
https://openalex.org/W3035523484,train
https://openalex.org/W3035620341,train
https://openalex.org/W3035643691,train
https://openalex.org/W3035700103,train
https://openalex.org/W3035863525,train
https://openalex.org/W3035901421,train
https://openalex.org/W3036067204,train
https://openalex.org/W3036453007,train
https://openalex.org/W3036458852,train
https://openalex.org/W3036911563,train
https://openalex.org/W3036985664,train
https://openalex.org/W3037109418,train
https://openalex.org/W3037163353,train
https://openalex.org/W3037763555,train
https://openalex.org/W3037880470,train
https://openalex.org/W3037979089,train
https://openalex.org/W3038002524,train
https://openalex.org/W3038003025,train
https://openalex.org/W3038004684,train
https://openalex.org/W3038934320,train
https://openalex.org/W3038955483,train
https://openalex.org/W3040301022,train
https://openalex.org/W3040427204,train
https://openalex.org/W3040438665,train
https://openalex.org/W3040455124,train
https://openalex.org/W3041281612,train
https://openalex.org/W3041773305,train
https://openalex.org/W3041968715,train
https://openalex.org/W3043178100,train
https://openalex.org/W3043498388,train
https://openalex.org/W3043738669,train
https://openalex.org/W3044058576,train
https://openalex.org/W3044410371,train
https://openalex.org/W3044853528,train
https://openalex.org/W3044960932,train
https://openalex.org/W3045004532,train
https://openalex.org/W3046220160,train
https://openalex.org/W3047863327,train
https://openalex.org/W3048650942,train
https://openalex.org/W3048922236,train
https://openalex.org/W3049338919,train
https://openalex.org/W3078516413,train
https://openalex.org/W3079760979,train
https://openalex.org/W3080107865,train
https://openalex.org/W3080649566,train
https://openalex.org/W3081258743,train
https://openalex.org/W3081423662,train
https://openalex.org/W3082429057,train
https://openalex.org/W3082622239,train
https://openalex.org/W3084021717,train
https://openalex.org/W3084223432,train
https://openalex.org/W3084915134,train
https://openalex.org/W3085890295,train
https://openalex.org/W3085940513,train
https://openalex.org/W3087156149,train
https://openalex.org/W3087390363,train
https://openalex.org/W3087784492,train
https://openalex.org/W3088024167,train
https://openalex.org/W3088646411,train
https://openalex.org/W3088842588,train
https://openalex.org/W3089252064,train
https://openalex.org/W3089862415,train
https://openalex.org/W3090480605,train
https://openalex.org/W3090586341,train
https://openalex.org/W3090656107,train
https://openalex.org/W3091993229,train
https://openalex.org/W3092026988,train
https://openalex.org/W3092319349,train
https://openalex.org/W3092541244,train
https://openalex.org/W3092710364,train
https://openalex.org/W3092965216,train
https://openalex.org/W3093149769,train
https://openalex.org/W3093404842,train
https://openalex.org/W3093424417,train
https://openalex.org/W3093718041,train
https://openalex.org/W3093821457,train
https://openalex.org/W3093987005,train
https://openalex.org/W3094019951,train
https://openalex.org/W3094492244,train
https://openalex.org/W3094502228,train
https://openalex.org/W3094793347,train
https://openalex.org/W3095837292,train
https://openalex.org/W3096052452,train
https://openalex.org/W3096230432,train
https://openalex.org/W3096932862,train
https://openalex.org/W3097197838,train
https://openalex.org/W3097222332,train
https://openalex.org/W3097693500,train
https://openalex.org/W3097986917,train
https://openalex.org/W3098583774,train
https://openalex.org/W3099836348,train
https://openalex.org/W3099845049,train
https://openalex.org/W3100195636,train
https://openalex.org/W3100254008,train
https://openalex.org/W3100709371,train
https://openalex.org/W3101023724,train
https://openalex.org/W3101749733,train
https://openalex.org/W3101981467,train
https://openalex.org/W3102952580,train
https://openalex.org/W3103319283,train
https://openalex.org/W3103836116,train
https://openalex.org/W3103913776,train
https://openalex.org/W3104453603,train
https://openalex.org/W3105158372,train
https://openalex.org/W3106176046,train
https://openalex.org/W3107308400,train
https://openalex.org/W3108716566,train
https://openalex.org/W3108864070,train
https://openalex.org/W3109340983,train
https://openalex.org/W3111221273,train
https://openalex.org/W3111278950,train
https://openalex.org/W3111386522,train
https://openalex.org/W3111529655,train
https://openalex.org/W3112005222,train
https://openalex.org/W3112020351,train
https://openalex.org/W3112170794,train
https://openalex.org/W3112394254,train
https://openalex.org/W3113152109,train
https://openalex.org/W3115318530,train
https://openalex.org/W3116095116,train
https://openalex.org/W3116099552,train
https://openalex.org/W3116286104,train
https://openalex.org/W3117696238,train
https://openalex.org/W3118299338,train
https://openalex.org/W3118511871,train
https://openalex.org/W3118831975,train
https://openalex.org/W3119689583,train
https://openalex.org/W3120491054,train
https://openalex.org/W3120697286,train
https://openalex.org/W3120740533,train
https://openalex.org/W3121299688,train
https://openalex.org/W3121588992,train
https://openalex.org/W3122220845,train
https://openalex.org/W3122779978,train
https://openalex.org/W3123176014,train
https://openalex.org/W3123436326,train
https://openalex.org/W3124863924,train
https://openalex.org/W3124957586,train
https://openalex.org/W3124978547,train
https://openalex.org/W3126308468,train
https://openalex.org/W3126452185,train
https://openalex.org/W3126594737,train
https://openalex.org/W3127657277,train
https://openalex.org/W3128384299,train
https://openalex.org/W3128704025,train
https://openalex.org/W3129070541,train
https://openalex.org/W3129482887,train
https://openalex.org/W3129758539,train
https://openalex.org/W3129922404,train
https://openalex.org/W3130240120,train
https://openalex.org/W3130894836,train
https://openalex.org/W3130909864,train
https://openalex.org/W3132016049,train
https://openalex.org/W3132689447,train
https://openalex.org/W3132823525,train
https://openalex.org/W3132956480,train
https://openalex.org/W3133792808,train
https://openalex.org/W3134075066,train
https://openalex.org/W3134246028,train
https://openalex.org/W3135028703,train
https://openalex.org/W3135053409,train
https://openalex.org/W3135335171,train
https://openalex.org/W3135688768,train
https://openalex.org/W3135835076,train
https://openalex.org/W3136296618,train
https://openalex.org/W3136518992,train
https://openalex.org/W3136552952,train
https://openalex.org/W3136960503,train
https://openalex.org/W3137014599,train
https://openalex.org/W3138149011,train
https://openalex.org/W3139236016,train
https://openalex.org/W3139363371,train
https://openalex.org/W3139580003,train
https://openalex.org/W3139601120,train
https://openalex.org/W3140514123,train
https://openalex.org/W3141847762,train
https://openalex.org/W3143911195,train
https://openalex.org/W3144293453,train
https://openalex.org/W3144619878,train
https://openalex.org/W3145506661,train
https://openalex.org/W3146248749,train
https://openalex.org/W3146345129,train
https://openalex.org/W3147517805,train
https://openalex.org/W3148181069,train
https://openalex.org/W3148271110,train
https://openalex.org/W3149025087,train
https://openalex.org/W3149255455,train
https://openalex.org/W3151088204,train
https://openalex.org/W3151521290,train
https://openalex.org/W3151899381,train
https://openalex.org/W3152594952,train
https://openalex.org/W3152892293,train
https://openalex.org/W3153389197,train
https://openalex.org/W3153418506,train
https://openalex.org/W3153990350,train
https://openalex.org/W3154436641,train
https://openalex.org/W3155883059,train
https://openalex.org/W3156260318,train
https://openalex.org/W3156614709,train
https://openalex.org/W3156850293,train
https://openalex.org/W3157202587,train
https://openalex.org/W3157202711,train
https://openalex.org/W3157651462,train
https://openalex.org/W3159316741,train
https://openalex.org/W3159649695,train
https://openalex.org/W3161130779,train
https://openalex.org/W3161283304,train
https://openalex.org/W3161970973,train
https://openalex.org/W3163054706,train
https://openalex.org/W3164032516,train
https://openalex.org/W3164323420,train
https://openalex.org/W3164656968,train
https://openalex.org/W3164952570,train
https://openalex.org/W3165300194,train
https://openalex.org/W3165319944,train
https://openalex.org/W3165548017,train
https://openalex.org/W3166943242,train
https://openalex.org/W3167292670,train
https://openalex.org/W3167537240,train
https://openalex.org/W3168292164,train
https://openalex.org/W3169228325,train
https://openalex.org/W3170494682,train
https://openalex.org/W3170657538,train
https://openalex.org/W3172119680,train
https://openalex.org/W3172335055,train
https://openalex.org/W3172365935,train
https://openalex.org/W3172559340,train
https://openalex.org/W3174206097,train
https://openalex.org/W3174306305,train
https://openalex.org/W3174368915,train
https://openalex.org/W3174464510,train
https://openalex.org/W3174660442,train
https://openalex.org/W3174905206,train
https://openalex.org/W3175285983,train
https://openalex.org/W3175405178,train
https://openalex.org/W3175989614,train
https://openalex.org/W3176680278,train
https://openalex.org/W3176750236,train
https://openalex.org/W3177015224,train
https://openalex.org/W3177317072,train
https://openalex.org/W3177617320,train
https://openalex.org/W3179968378,train
https://openalex.org/W3180230246,train
https://openalex.org/W3180477523,train
https://openalex.org/W3180969989,train
https://openalex.org/W3182064909,train
https://openalex.org/W3182546273,train
https://openalex.org/W3182741322,train
https://openalex.org/W3183198896,train
https://openalex.org/W3183767639,train
https://openalex.org/W3184796286,train
https://openalex.org/W3185341429,train
https://openalex.org/W3185585276,train
https://openalex.org/W3186209406,train
https://openalex.org/W3189831819,train
https://openalex.org/W3192175805,train
https://openalex.org/W3192208786,train
https://openalex.org/W3193638860,train
https://openalex.org/W3195625625,train
https://openalex.org/W3195766133,train
https://openalex.org/W3196012986,train
https://openalex.org/W3196248941,train
https://openalex.org/W3196503391,train
https://openalex.org/W3196669501,train
https://openalex.org/W3196750366,train
https://openalex.org/W3196974186,train
https://openalex.org/W3198350258,train
https://openalex.org/W3198980504,train
https://openalex.org/W3199018466,train
https://openalex.org/W3199189488,train
https://openalex.org/W3199397800,train
https://openalex.org/W3199561489,train
https://openalex.org/W3200707343,train
https://openalex.org/W3200759624,train
https://openalex.org/W3200796517,train
https://openalex.org/W3201053014,train
https://openalex.org/W3201915713,train
https://openalex.org/W3202031169,train
https://openalex.org/W3202088367,train
https://openalex.org/W3203241482,train
https://openalex.org/W3203626883,train
https://openalex.org/W3204013916,train
https://openalex.org/W3205076722,train
https://openalex.org/W3207040866,train
https://openalex.org/W3207311065,train
https://openalex.org/W3207365242,train
https://openalex.org/W3207377511,train
https://openalex.org/W3207974842,train
https://openalex.org/W3208182228,train
https://openalex.org/W3208674021,train
https://openalex.org/W3209721572,train
https://openalex.org/W3209912268,train
https://openalex.org/W3210165781,train
https://openalex.org/W3210471448,train
https://openalex.org/W3211666987,train
https://openalex.org/W3212941463,train
https://openalex.org/W3213226375,train
https://openalex.org/W3215452784,train
https://openalex.org/W3216065183,train
https://openalex.org/W3217681006,train
https://openalex.org/W32360141,train
https://openalex.org/W395933519,train
https://openalex.org/W398859631,train
https://openalex.org/W410850256,train
https://openalex.org/W4200182652,train
https://openalex.org/W4200248815,train
https://openalex.org/W4200310000,train
https://openalex.org/W4205355130,train
https://openalex.org/W4205561327,train
https://openalex.org/W4205941964,train
https://openalex.org/W4206060008,train
https://openalex.org/W4206070770,train
https://openalex.org/W4206161568,train
https://openalex.org/W4206181733,train
https://openalex.org/W4206396334,train
https://openalex.org/W4206765718,train
https://openalex.org/W4206988054,train
https://openalex.org/W4210706440,train
https://openalex.org/W4210725851,train
https://openalex.org/W4210736086,train
https://openalex.org/W4210883322,train
https://openalex.org/W4210916416,train
https://openalex.org/W4210984920,train
https://openalex.org/W4211080241,train
https://openalex.org/W4211260480,train
https://openalex.org/W4212828284,train
https://openalex.org/W4212902066,train
https://openalex.org/W4212990356,train
https://openalex.org/W4213009331,train
https://openalex.org/W4213425661,train
https://openalex.org/W4214833673,train
https://openalex.org/W4220863497,train
https://openalex.org/W4220883868,train
https://openalex.org/W4220926968,train
https://openalex.org/W4220962633,train
https://openalex.org/W4221021831,train
https://openalex.org/W4221045317,train
https://openalex.org/W4221106847,train
https://openalex.org/W4221106857,train
https://openalex.org/W4221143046,train
https://openalex.org/W4221160815,train
https://openalex.org/W4223610593,train
https://openalex.org/W4224215750,train
https://openalex.org/W4224317449,train
https://openalex.org/W4224322651,train
https://openalex.org/W4224988655,train
https://openalex.org/W4225115543,train
https://openalex.org/W4225412853,train
https://openalex.org/W4225597912,train
https://openalex.org/W4226065182,train
https://openalex.org/W4226263955,train
https://openalex.org/W4226283960,train
https://openalex.org/W4226350104,train
https://openalex.org/W4226373988,train
https://openalex.org/W4229015090,train
https://openalex.org/W4229056760,train
https://openalex.org/W4229632424,train
https://openalex.org/W4230607658,train
https://openalex.org/W4231488796,train
https://openalex.org/W4231934124,train
https://openalex.org/W4232872328,train
https://openalex.org/W4232929704,train
https://openalex.org/W4234556776,train
https://openalex.org/W4234971943,train
https://openalex.org/W4236362309,train
https://openalex.org/W4236647746,train
https://openalex.org/W4237040408,train
https://openalex.org/W4238443837,train
https://openalex.org/W4238619744,train
https://openalex.org/W4240785345,train
https://openalex.org/W4240913316,train
https://openalex.org/W4242129433,train
https://openalex.org/W4243333943,train
https://openalex.org/W4244061993,train
https://openalex.org/W4244364296,train
https://openalex.org/W4244995761,train
https://openalex.org/W4245049592,train
https://openalex.org/W4245107743,train
https://openalex.org/W4245160364,train
https://openalex.org/W4245471118,train
https://openalex.org/W4247155454,train
https://openalex.org/W4247619421,train
https://openalex.org/W4247665917,train
https://openalex.org/W4247767351,train
https://openalex.org/W4249191614,train
https://openalex.org/W4249379282,train
https://openalex.org/W4249737388,train
https://openalex.org/W4251504464,train
https://openalex.org/W4252064021,train
https://openalex.org/W4252222626,train
https://openalex.org/W4252417799,train
https://openalex.org/W4256669726,train
https://openalex.org/W4280572991,train
https://openalex.org/W4280630420,train
https://openalex.org/W4280651558,train
https://openalex.org/W4281632042,train
https://openalex.org/W4281690062,train
https://openalex.org/W4281704579,train
https://openalex.org/W4281786142,train
https://openalex.org/W4282576056,train
https://openalex.org/W4283077289,train
https://openalex.org/W4283208249,train
https://openalex.org/W4283219089,train
https://openalex.org/W4283269916,train
https://openalex.org/W4283392904,train
https://openalex.org/W4283593236,train
https://openalex.org/W4283688275,train
https://openalex.org/W4283736302,train
https://openalex.org/W4284898480,train
https://openalex.org/W4284958113,train
https://openalex.org/W4285029539,train
https://openalex.org/W4285042490,train
https://openalex.org/W4285140393,train
https://openalex.org/W4285172793,train
https://openalex.org/W4285194159,train
https://openalex.org/W4285247275,train
https://openalex.org/W4285600519,train
https://openalex.org/W4285605208,train
https://openalex.org/W4285730848,train
https://openalex.org/W4285798540,train
https://openalex.org/W4285818445,train
https://openalex.org/W4286375281,train
https://openalex.org/W4286909924,train
https://openalex.org/W4288039037,train
https://openalex.org/W4288089799,train
https://openalex.org/W4288359825,train
https://openalex.org/W4288758477,train
https://openalex.org/W4289258965,train
https://openalex.org/W4291012579,train
https://openalex.org/W4291972732,train
https://openalex.org/W4292289324,train
https://openalex.org/W4292328707,train
https://openalex.org/W4292363360,train
https://openalex.org/W4293140814,train
https://openalex.org/W4293229829,train
https://openalex.org/W4293713156,train
https://openalex.org/W4294089543,train
https://openalex.org/W4294216483,train
https://openalex.org/W4294351233,train
https://openalex.org/W4296886862,train
https://openalex.org/W4297183943,train
https://openalex.org/W4297399257,train
https://openalex.org/W4297801719,train
https://openalex.org/W4297965481,train
https://openalex.org/W4298289240,train
https://openalex.org/W4299828299,train
https://openalex.org/W4301029487,train
https://openalex.org/W4302313152,train
https://openalex.org/W4302425308,train
https://openalex.org/W4304091767,train
https://openalex.org/W4304185479,train
https://openalex.org/W4304686742,train
https://openalex.org/W4304943299,train
https://openalex.org/W4306871314,train
https://openalex.org/W4307486628,train
https://openalex.org/W4309484364,train
https://openalex.org/W4311843323,train
https://openalex.org/W4312044727,train
https://openalex.org/W4312090823,train
https://openalex.org/W4312092243,train
https://openalex.org/W4312113143,train
https://openalex.org/W4312943126,train
https://openalex.org/W4313313884,train
https://openalex.org/W4313313935,train
https://openalex.org/W4313527987,train
https://openalex.org/W4313529495,train
https://openalex.org/W4313678819,train
https://openalex.org/W4313885855,train
https://openalex.org/W4315880904,train
https://openalex.org/W4316116392,train
https://openalex.org/W4317882610,train
https://openalex.org/W4317931697,train
https://openalex.org/W4318257512,train
https://openalex.org/W4318566811,train
https://openalex.org/W4318586239,train
https://openalex.org/W4318586794,train
https://openalex.org/W4318983406,train
https://openalex.org/W4319332853,train
https://openalex.org/W4319454440,train
https://openalex.org/W4319790168,train
https://openalex.org/W4319813194,train
https://openalex.org/W4319985906,train
https://openalex.org/W4320525813,train
https://openalex.org/W4320561510,train
https://openalex.org/W4320711939,train
https://openalex.org/W4320736940,train
https://openalex.org/W4320813768,train
https://openalex.org/W4321368061,train
https://openalex.org/W4322617812,train
https://openalex.org/W4322706667,train
https://openalex.org/W4322761615,train
https://openalex.org/W4323022392,train
https://openalex.org/W4324148013,train
https://openalex.org/W4324392584,train
https://openalex.org/W4327518725,train
https://openalex.org/W4327525621,train
https://openalex.org/W4328123572,train
https://openalex.org/W4353115070,train
https://openalex.org/W4360620450,train
https://openalex.org/W4360949780,train
https://openalex.org/W4360995249,train
https://openalex.org/W4361019934,train
https://openalex.org/W4361298490,train
https://openalex.org/W4362579589,train
https://openalex.org/W4362602778,train
https://openalex.org/W4362640271,train
https://openalex.org/W4362663195,train
https://openalex.org/W4362704894,train
https://openalex.org/W4365143687,train
https://openalex.org/W4365511667,train
https://openalex.org/W4365601249,train
https://openalex.org/W4366262984,train
https://openalex.org/W4366277658,train
https://openalex.org/W4366425800,train
https://openalex.org/W4366489368,train
https://openalex.org/W4366506973,train
https://openalex.org/W4366550857,train
https://openalex.org/W4366597496,train
https://openalex.org/W4366783381,train
https://openalex.org/W4366817968,train
https://openalex.org/W4366962344,train
https://openalex.org/W4366988472,train
https://openalex.org/W4367367976,train
https://openalex.org/W4367602258,train
https://openalex.org/W4367676590,train
https://openalex.org/W4367694193,train
https://openalex.org/W4368362817,train
https://openalex.org/W4371783954,train
https://openalex.org/W4372055459,train
https://openalex.org/W4375852308,train
https://openalex.org/W4377089836,train
https://openalex.org/W4377227441,train
https://openalex.org/W4377291442,train
https://openalex.org/W4377821330,train
https://openalex.org/W4378390530,train
https://openalex.org/W4378448767,train
https://openalex.org/W4379046986,train
https://openalex.org/W4379057711,train
https://openalex.org/W4379386617,train
https://openalex.org/W4379416244,train
https://openalex.org/W4379470483,train
https://openalex.org/W4380319827,train
https://openalex.org/W4380360954,train
https://openalex.org/W4380479516,train
https://openalex.org/W4380629073,train
https://openalex.org/W4380685454,train
https://openalex.org/W4380769213,train
https://openalex.org/W4380853828,train
https://openalex.org/W4381167958,train
https://openalex.org/W4381716616,train
https://openalex.org/W4382182093,train
https://openalex.org/W4382239895,train
https://openalex.org/W4382394524,train
https://openalex.org/W4382567298,train
https://openalex.org/W4383301640,train
https://openalex.org/W4383312437,train
https://openalex.org/W4383498485,train
https://openalex.org/W4383560187,train
https://openalex.org/W4383604692,train
https://openalex.org/W4383648115,train
https://openalex.org/W4383753323,train
https://openalex.org/W4383812952,train
https://openalex.org/W4383912288,train
https://openalex.org/W4383913712,train
https://openalex.org/W4384154918,train
https://openalex.org/W4384155024,train
https://openalex.org/W4384302129,train
https://openalex.org/W4384344145,train
https://openalex.org/W4384388099,train
https://openalex.org/W4384464487,train
https://openalex.org/W4384470461,train
https://openalex.org/W4384520713,train
https://openalex.org/W4384659456,train
https://openalex.org/W4384834994,train
https://openalex.org/W4385071300,train
https://openalex.org/W4385188297,train
https://openalex.org/W4385245566,train
https://openalex.org/W4385262278,train
https://openalex.org/W4385302529,train
https://openalex.org/W4385303098,train
https://openalex.org/W4385340890,train
https://openalex.org/W4385416665,train
https://openalex.org/W4385449797,train
https://openalex.org/W4385452929,train
https://openalex.org/W4385481791,train
https://openalex.org/W4385490607,train
https://openalex.org/W4385564466,train
https://openalex.org/W4385572149,train
https://openalex.org/W4385573966,train
https://openalex.org/W4385574107,train
https://openalex.org/W4385605341,train
https://openalex.org/W4385768178,train
https://openalex.org/W4385847553,train
https://openalex.org/W4385878021,train
https://openalex.org/W4385878593,train
https://openalex.org/W4385971163,train
https://openalex.org/W4385971619,train
https://openalex.org/W4386056951,train
https://openalex.org/W4386057717,train
https://openalex.org/W4386069852,train
https://openalex.org/W4386098991,train
https://openalex.org/W4386122321,train
https://openalex.org/W4386126398,train
https://openalex.org/W4386141641,train
https://openalex.org/W4386142022,train
https://openalex.org/W4386170955,train
https://openalex.org/W4386180266,train
https://openalex.org/W4386222752,train
https://openalex.org/W4386248667,train
https://openalex.org/W4386305288,train
https://openalex.org/W4386337496,train
https://openalex.org/W4386363607,train
https://openalex.org/W4386417345,train
https://openalex.org/W4386571283,train
https://openalex.org/W4386574345,train
https://openalex.org/W4386607677,train
https://openalex.org/W4386608988,train
https://openalex.org/W4386612257,train
https://openalex.org/W4386629414,train
https://openalex.org/W4386638865,train
https://openalex.org/W4386693657,train
https://openalex.org/W4386719008,train
https://openalex.org/W4386724197,train
https://openalex.org/W4386729081,train
https://openalex.org/W4386764545,train
https://openalex.org/W4386782021,train
https://openalex.org/W4386836433,train
https://openalex.org/W4386958277,train
https://openalex.org/W4387245356,train
https://openalex.org/W4387299593,train
https://openalex.org/W4387359690,train
https://openalex.org/W4387369249,train
https://openalex.org/W4387393037,train
https://openalex.org/W4387485606,train
https://openalex.org/W4387494819,train
https://openalex.org/W4387628939,train
https://openalex.org/W4387633104,train
https://openalex.org/W4387670572,train
https://openalex.org/W4387801479,train
https://openalex.org/W4387809804,train
https://openalex.org/W4387819669,train
https://openalex.org/W4387873511,train
https://openalex.org/W4388108480,train
https://openalex.org/W4388177220,train
https://openalex.org/W4388194725,train
https://openalex.org/W4388409187,train
https://openalex.org/W4388455152,train
https://openalex.org/W4388556598,train
https://openalex.org/W4388602745,train
https://openalex.org/W4388701278,train
https://openalex.org/W4388795035,train
https://openalex.org/W4388823522,train
https://openalex.org/W4388889456,train
https://openalex.org/W4388910605,train
https://openalex.org/W4388962306,train
https://openalex.org/W4389094616,train
https://openalex.org/W4389235056,train
https://openalex.org/W4389273449,train
https://openalex.org/W4389359039,train
https://openalex.org/W4389429620,train
https://openalex.org/W4389438662,train
https://openalex.org/W4389519012,train
https://openalex.org/W4389523957,train
https://openalex.org/W4389615177,train
https://openalex.org/W4389736946,train
https://openalex.org/W4389804697,train
https://openalex.org/W4389834551,train
https://openalex.org/W4389942342,train
https://openalex.org/W4390050383,train
https://openalex.org/W4390096766,train
https://openalex.org/W4390229867,train
https://openalex.org/W4390315357,train
https://openalex.org/W4390410228,train
https://openalex.org/W4390427686,train
https://openalex.org/W4390432359,train
https://openalex.org/W4390486238,train
https://openalex.org/W4390490759,train
https://openalex.org/W4390541060,train
https://openalex.org/W4390561469,train
https://openalex.org/W4390563453,train
https://openalex.org/W4390609372,train
https://openalex.org/W4390621457,train
https://openalex.org/W4390660070,train
https://openalex.org/W4390667862,train
https://openalex.org/W4390692489,train
https://openalex.org/W4390697894,train
https://openalex.org/W4390705612,train
https://openalex.org/W4390711247,train
https://openalex.org/W4390761031,train
https://openalex.org/W4390880765,train
https://openalex.org/W4390985631,train
https://openalex.org/W4391062409,train
https://openalex.org/W4391078387,train
https://openalex.org/W4391131274,train
https://openalex.org/W4391132312,train
https://openalex.org/W4391176904,train
https://openalex.org/W4391308216,train
https://openalex.org/W4391334978,train
https://openalex.org/W4391367909,train
https://openalex.org/W4391407054,train
https://openalex.org/W4391426565,train
https://openalex.org/W4391473819,train
https://openalex.org/W4391488437,train
https://openalex.org/W4391520039,train
https://openalex.org/W4391547794,train
https://openalex.org/W4391589408,train
https://openalex.org/W4391589471,train
https://openalex.org/W4391611354,train
https://openalex.org/W4391644905,train
https://openalex.org/W4391737993,train
https://openalex.org/W4391754120,train
https://openalex.org/W4391819899,train
https://openalex.org/W4391894693,train
https://openalex.org/W4391897357,train
https://openalex.org/W4391974599,train
https://openalex.org/W4392015344,train
https://openalex.org/W4392094166,train
https://openalex.org/W4392106982,train
https://openalex.org/W4392153984,train
https://openalex.org/W4392173880,train
https://openalex.org/W4392248134,train
https://openalex.org/W4392309537,train
https://openalex.org/W4392462461,train
https://openalex.org/W4392500975,train
https://openalex.org/W4392504765,train
https://openalex.org/W4392538241,train
https://openalex.org/W4392542324,train
https://openalex.org/W4392557826,train
https://openalex.org/W4392564669,train
https://openalex.org/W4392565345,train
https://openalex.org/W4392592756,train
https://openalex.org/W4392595892,train
https://openalex.org/W4392599656,train
https://openalex.org/W4392607872,train
https://openalex.org/W4392658848,train
https://openalex.org/W4392741075,train
https://openalex.org/W4392773210,train
https://openalex.org/W4392783116,train
https://openalex.org/W4392848643,train
https://openalex.org/W4392851477,train
https://openalex.org/W4392856471,train
https://openalex.org/W4393003817,train
https://openalex.org/W4393071062,train
https://openalex.org/W4393097303,train
https://openalex.org/W4393145628,train
https://openalex.org/W4393149408,train
https://openalex.org/W4393152682,train
https://openalex.org/W4393167311,train
https://openalex.org/W4393170828,train
https://openalex.org/W4393216547,train
https://openalex.org/W4393229395,train
https://openalex.org/W4393278146,train
https://openalex.org/W4393278592,train
https://openalex.org/W4393307203,train
https://openalex.org/W4393308240,train
https://openalex.org/W4393335480,train
https://openalex.org/W4393385709,train
https://openalex.org/W4393993191,train
https://openalex.org/W4394564352,train
https://openalex.org/W4394579747,train
https://openalex.org/W4394582147,train
https://openalex.org/W4394591980,train
https://openalex.org/W4394678631,train
https://openalex.org/W4394698991,train
https://openalex.org/W4394722481,train
https://openalex.org/W4394857110,train
https://openalex.org/W4394863715,train
https://openalex.org/W4394894101,train
https://openalex.org/W4394934695,train
https://openalex.org/W4394949392,train
https://openalex.org/W4395053803,train
https://openalex.org/W4395063502,train
https://openalex.org/W4395462076,train
https://openalex.org/W4395483946,train
https://openalex.org/W4395673823,train
https://openalex.org/W4395959984,train
https://openalex.org/W4396596847,train
https://openalex.org/W4396621688,train
https://openalex.org/W4396674231,train
https://openalex.org/W4396685186,train
https://openalex.org/W4396707866,train
https://openalex.org/W4396761934,train
https://openalex.org/W4396766974,train
https://openalex.org/W4396781199,train
https://openalex.org/W4396796552,train
https://openalex.org/W4396827130,train
https://openalex.org/W4396831955,train
https://openalex.org/W4396832139,train
https://openalex.org/W4396832192,train
https://openalex.org/W4396832517,train
https://openalex.org/W4396832735,train
https://openalex.org/W4396833147,train
https://openalex.org/W4396833364,train
https://openalex.org/W4396835345,train
https://openalex.org/W4396851234,train
https://openalex.org/W4396979009,train
https://openalex.org/W4397049712,train
https://openalex.org/W4398147071,train
https://openalex.org/W4398183095,train
https://openalex.org/W4398231583,train
https://openalex.org/W4398245384,train
https://openalex.org/W4398768358,train
https://openalex.org/W4398792098,train
https://openalex.org/W4399083018,train
https://openalex.org/W4399125735,train
https://openalex.org/W4399176345,train
https://openalex.org/W4399182459,train
https://openalex.org/W4399203757,train
https://openalex.org/W4399203816,train
https://openalex.org/W4399270915,train
https://openalex.org/W4399362671,train
https://openalex.org/W4399389941,train
https://openalex.org/W4399408840,train
https://openalex.org/W4399433746,train
https://openalex.org/W4399567248,train
https://openalex.org/W4399604220,train
https://openalex.org/W4399660853,train
https://openalex.org/W4399681501,train
https://openalex.org/W4399703381,train
https://openalex.org/W4399765305,train
https://openalex.org/W4399809828,train
https://openalex.org/W4399917684,train
https://openalex.org/W4400015499,train
https://openalex.org/W4400070936,train
https://openalex.org/W4400111732,train
https://openalex.org/W4400134761,train
https://openalex.org/W4400135851,train
https://openalex.org/W4400136630,train
https://openalex.org/W4400142550,train
https://openalex.org/W4400191782,train
https://openalex.org/W4400241315,train
https://openalex.org/W4400300778,train
https://openalex.org/W4400344961,train
https://openalex.org/W4400418528,train
https://openalex.org/W4400438713,train
https://openalex.org/W4400484629,train
https://openalex.org/W4400612817,train
https://openalex.org/W4400644893,train
https://openalex.org/W4400656170,train
https://openalex.org/W4400659622,train
https://openalex.org/W4400720339,train
https://openalex.org/W4400722369,train
https://openalex.org/W4400772824,train
https://openalex.org/W4400933825,train
https://openalex.org/W4400988476,train
https://openalex.org/W4400998898,train
https://openalex.org/W4401056196,train
https://openalex.org/W4401070271,train
https://openalex.org/W4401074745,train
https://openalex.org/W4401171937,train
https://openalex.org/W4401288535,train
https://openalex.org/W4401326099,train
https://openalex.org/W4401357555,train
https://openalex.org/W4401379837,train
https://openalex.org/W4401386320,train
https://openalex.org/W4401387030,train
https://openalex.org/W4401467912,train
https://openalex.org/W4401533174,train
https://openalex.org/W4401554316,train
https://openalex.org/W4401587065,train
https://openalex.org/W4401691715,train
https://openalex.org/W4401730946,train
https://openalex.org/W4401807469,train
https://openalex.org/W4401846772,train
https://openalex.org/W4401854290,train
https://openalex.org/W4401867536,train
https://openalex.org/W4401926094,train
https://openalex.org/W4401945042,train
https://openalex.org/W4401955591,train
https://openalex.org/W4401988281,train
https://openalex.org/W4402042413,train
https://openalex.org/W4402118393,train
https://openalex.org/W4402128637,train
https://openalex.org/W4402197779,train
https://openalex.org/W4402350838,train
https://openalex.org/W4402459565,train
https://openalex.org/W4402467338,train
https://openalex.org/W4402467765,train
https://openalex.org/W4402473949,train
https://openalex.org/W4402474423,train
https://openalex.org/W4402553424,train
https://openalex.org/W4402601985,train
https://openalex.org/W4402772412,train
https://openalex.org/W4402843978,train
https://openalex.org/W4402892487,train
https://openalex.org/W4402928893,train
https://openalex.org/W4402961932,train
https://openalex.org/W4403087461,train
https://openalex.org/W4403192861,train
https://openalex.org/W4403247365,train
https://openalex.org/W4403383897,train
https://openalex.org/W4403430763,train
https://openalex.org/W4403638699,train
https://openalex.org/W4403748753,train
https://openalex.org/W4403819970,train
https://openalex.org/W4403828883,train
https://openalex.org/W4403843885,train
https://openalex.org/W4403935384,train
https://openalex.org/W4404024323,train
https://openalex.org/W4404195142,train
https://openalex.org/W4404238463,train
https://openalex.org/W4404418369,train
https://openalex.org/W4404490940,train
https://openalex.org/W4404509460,train
https://openalex.org/W4404518338,train
https://openalex.org/W4404643622,train
https://openalex.org/W4404756518,train
https://openalex.org/W4405021351,train
https://openalex.org/W4405131138,train
https://openalex.org/W4405316956,train
https://openalex.org/W4405400150,train
https://openalex.org/W4406211644,train
https://openalex.org/W4406243364,train
https://openalex.org/W4406245425,train
https://openalex.org/W4406330594,train
https://openalex.org/W4406481047,train
https://openalex.org/W4406633314,train
https://openalex.org/W4406665768,train
https://openalex.org/W4406743598,train
https://openalex.org/W4406798513,train
https://openalex.org/W4406872793,train
https://openalex.org/W4406931660,train
https://openalex.org/W4406939854,train
https://openalex.org/W4407043540,train
https://openalex.org/W4407070057,train
https://openalex.org/W4407087968,train
https://openalex.org/W4407106354,train
https://openalex.org/W4407106920,train
https://openalex.org/W4407142724,train
https://openalex.org/W4407264485,train
https://openalex.org/W4407365807,train
https://openalex.org/W4407498832,train
https://openalex.org/W4407778399,train
https://openalex.org/W4407951611,train
https://openalex.org/W4408070694,train
https://openalex.org/W4408391877,train
https://openalex.org/W4408398045,train
https://openalex.org/W4408453984,train
https://openalex.org/W4408612787,train
https://openalex.org/W4408698328,train
https://openalex.org/W4408736524,train
https://openalex.org/W4408774046,train
https://openalex.org/W4408802928,train
https://openalex.org/W4408866688,train
https://openalex.org/W4408886672,train
https://openalex.org/W4409039478,train
https://openalex.org/W4409042249,train
https://openalex.org/W4409190866,train
https://openalex.org/W4409269614,train
https://openalex.org/W4409328807,train
https://openalex.org/W4409346353,train
https://openalex.org/W4409877967,train
https://openalex.org/W4409885395,train
https://openalex.org/W4410098916,train
https://openalex.org/W4410317321,train
https://openalex.org/W4410322513,train
https://openalex.org/W4410358938,train
https://openalex.org/W4410382764,train
https://openalex.org/W4410507481,train
https://openalex.org/W4410522778,train
https://openalex.org/W4410554463,train
https://openalex.org/W4410600596,train
https://openalex.org/W4410974018,train
https://openalex.org/W4410988922,train
https://openalex.org/W4411076153,train
https://openalex.org/W4411146374,train
https://openalex.org/W4411179243,train
https://openalex.org/W4411241728,train
https://openalex.org/W4411443896,train
https://openalex.org/W4411497629,train
https://openalex.org/W4411527440,train
https://openalex.org/W4411842024,train
https://openalex.org/W4411922717,train
https://openalex.org/W4413183883,train
https://openalex.org/W4413478458,train
https://openalex.org/W4413495295,train
https://openalex.org/W4414644854,train
https://openalex.org/W4416008628,train
https://openalex.org/W53998823,train
https://openalex.org/W580573057,train
https://openalex.org/W59585178,train
https://openalex.org/W607505555,train
https://openalex.org/W613690151,train
https://openalex.org/W73056518,train
https://openalex.org/W74235943,train
https://openalex.org/W753012316,train
https://openalex.org/W79139011,train
https://openalex.org/W79727270,train
https://openalex.org/W822806878,train
https://openalex.org/W8513375,train
https://openalex.org/W8870360,train
https://openalex.org/W88705112,train
https://openalex.org/W9419878,train
