university,component,official_url
University of Lucknow,Research Areas,https://www.lkouniv.ac.in/article/en/research-area
University of Lucknow,Research Publications,https://www.lkouniv.ac.in/en/article/papers?brd=1
Jawaharlal Nehru University,Research Areas,https://www.jnu.ac.in/sps_researchareas
Jawaharlal Nehru University,SCIS Research Areas,https://www.jnu.ac.in/sites/default/files/u45/Instructions_viva-voce2018.pdf
Jawaharlal Nehru University,Faculty Publications,https://www.jnu.ac.in/node/6088
Banaras Hindu University,Institutional Repository,https://dl.bhu.ac.in/bhuir/
Banaras Hindu University,Research Areas / Annual Report,https://www.bhu.ac.in/Images/files/Eng_Annual_Report2011-12.pdf
Banaras Hindu University,IESD Research,https://www.bhu.ac.in/Images/files/Eng_Annual_Report2014-15.pdf
Banaras Hindu University,Institutional Overview,https://www.bhu.ac.in/Images/files/ICCRA%20Brochure.pdf
IIT Bombay,CSE Research Areas,https://www.cse.iitb.ac.in/research/areas
IIT Bombay,Mathematics Faculty Research Areas,https://www.math.iitb.ac.in/Research/fac_res.php
IIT Bombay,Chemistry Faculty,https://www.chem.iitb.ac.in/people
IIT Bombay,IEOR Faculty,https://www.ieor.iitb.ac.in/people/faculty
IIT Bombay,IEOR Publications,https://www.ieor.iitb.ac.in/research/pub
IIT Bombay,C-TARA Faculty,https://www.ctara.iitb.ac.in/faculty-0
University of Delhi,Computer Science Research Areas,https://cs.du.ac.in/research/research-areas/
University of Delhi,Computer Science Publications,https://cs.du.ac.in/research/publications/
University of Delhi,University Research Themes,https://www.du.ac.in/uploads/new-web/28102024_Appendix-13.pdf
University of Delhi,Library / Research Output,https://crl.du.ac.in/
