paper_id,university,title,authors,year,source_url
SCI001,University of Lucknow,"Nanofertilizers: types, delivery and advantages in agricultural sustainability",A Yadav; K Yadav; KA Abd-Elsalam,2023,https://www.lkouniv.ac.in/article/en/papers
SCI002,University of Lucknow,"Emerging frontiers in nanotechnology for precision agriculture: advancements, hurdles and prospects",A Yadav; K Yadav; R Ahmad; KA Abd-Elsalam,2023,https://www.lkouniv.ac.in/article/en/papers
SCI003,University of Lucknow,The Role of Ceramide Synthases in the Pathogenicity of Cryptococcus neoformans,Munshi MA; Gardin JM; Singh A; Luberto C; Rieger R; Bouklas T; Fries BC; Del Poeta M,2018,https://www.lkouniv.ac.in/article/en/papers
SCI004,University of Lucknow,Sphingolipidomics of drug resistant Candida auris clinical isolates reveal distinct sphingolipid species signatures,Kumar M; Singh A; Kumari S; Kumar P; Wasi M; Mondal AK; Rudramurthy SM; Chakrabarti A; Gaur NA; Gow NAR; Prasad R,2021,https://www.lkouniv.ac.in/article/en/papers
SCI005,University of Lucknow,Foodomics: a sustainable approach for the specific nutrition and diets for human health,Mahato DK; Kamle M; Pandhi S; et al.,2024,https://www.lkouniv.ac.in/article/en/papers
SCI006,University of Lucknow,Valorization of raw papaya and citrus peels for development of antimicrobial and biodegradable edible film,Pawle P; Pandey S; Kumar A; Agarwal A; Tripathi AD; Saeed M; Rab SO; Mahato DK; Kumar P; Kamle M,2025,https://www.lkouniv.ac.in/article/en/papers
SCI007,University of Lucknow,Combined effects of climate stressors and soil arsenic contamination on metabolic profiles and productivity of rice,Kumar S; Dwivedi S; Kumar V; Sharma P; Agnihotri R; Mishra SK; Adhikari D; Chauhan PS; Tewari RK; Pandey P,2025,https://www.lkouniv.ac.in/article/en/papers
SCI008,University of Lucknow,"Changing level of arsenic in irrigation water affects metabolites, macro and micro-nutrients in rice and increased cancer risk",Kumar S; Kumar V; Agnihotri R; Sharma P; Mishra SK; Tewari RK; Adhikari D; Chauhan PS; Behera SK; Dwivedi S; Pandey V,2024,https://www.lkouniv.ac.in/article/en/papers
SCI009,University of Lucknow,"Synthesis of Diosgenin by Pseudomonas aeruginosa D3, an Endophyte of Dioscorea bulbifera",Dhal KN; Sahu PK; Gupta A; Kumar A; Shafi Zaryab; Johri P; Mishra S; Kumar Srivastava AK,2026,https://www.lkouniv.ac.in/article/en/papers
SCI010,University of Lucknow,Exploring bryophyte-microbe interactions for symbiosis and natural product discovery: an overview,Mishra S; Shukla AC; Craven KD; Yadav R,2025,https://www.lkouniv.ac.in/article/en/papers
SCI011,University of Lucknow,Exploring the plant growth promoting attributes of pteridophyte-associated microbiome for agricultural sustainability,Swain SS; Nayak S; Mishra S; Ghana M; Dash D,2025,https://www.lkouniv.ac.in/article/en/papers
SCI012,University of Lucknow,Inoculation with native bacterial endophytes promote adventitious rooting and plant growth in Piper longum,Phurailatpam L; Gupta A; Sahu PK; Mishra S,2024,https://www.lkouniv.ac.in/article/en/papers
SCI013,University of Lucknow,Improving reproductive efficiency of chickpea by foliar application of zinc,Pathak GC; Gupta B; Pandey N,2012,https://www.lkouniv.ac.in/article/en/papers
SCI014,University of Lucknow,Oxidative Stress Under Macronutrient Deficiency in Plants,Tewari RK; Yadav N; Gupta R; Kumar P,2021,https://www.lkouniv.ac.in/article/en/papers
SCI015,University of Lucknow,Boron deficiency and toxicity and their tolerance in plants: A review,Archana; N Pandey; P Verma,2017,https://www.lkouniv.ac.in/article/en/papers
SCI016,University of Lucknow,A functional genomic perspective on drought signalling and its cross-talk with phytohormone-mediated signalling pathways in plants,S Tiwari; C Lata; PS Chauhan; V Prasad; M Prasad,2017,https://www.lkouniv.ac.in/article/en/papers
SCI017,University of Lucknow,"Recent developments in luminescent coordination polymers: Designing strategies, sensing application and theoretical evidences",JQ Liu; ZD Luo; Y Pan; AK Singh; M Trivedi; A Kumar,2020,https://www.lkouniv.ac.in/article/en/papers
SCI018,University of Lucknow,Structures and photocatalytic properties of two Mn(II)-based coordination polymers,F Yuan; HS Yu; CM Yuan; CS Zhou; F Li; YJ Lu; XY Ling; J Wang; A Singh; A Kumar,2020,https://www.lkouniv.ac.in/article/en/papers
SCI019,University of Lucknow,Photocatalytic and magnetic properties of two new Co(II) cluster-based metal-organic frameworks,S Zhang; L Lu; J Wang; X Tan; B An; A Singh; A Kumar; H Sakiyama; J Wang,2020,https://www.lkouniv.ac.in/article/en/papers
SCI020,University of Lucknow,"Microwave directed metal-free regiodivergent synthesis of 1,2-teraryls and study of supramolecular interactions",S Singh; Shally; R Shaw; R Yadav; A Kumar; R Pratap,2016,https://www.lkouniv.ac.in/article/en/papers
SCI021,University of Lucknow,Metal-organic framework MIL-101 supported bimetallic Pd-Cu Nanocrystals as an efficient catalyst for Chromium Reduction and Conversion of Carbon Dioxide at Room Temperature,M Trivedi; B Yadav; A Kumar; G Singh; A Kumar; NP Rath,2016,https://www.lkouniv.ac.in/article/en/papers
SCI022,University of Lucknow,Hierarchical zinc oxide pomegranate and hollow sphere structures as efficient photoanodes for dye-sensitized solar cells,R Chauhan; M Shinde; A Kumar; S Gosavi; DP Amalnerkar,2016,https://www.lkouniv.ac.in/article/en/papers
SCI023,University of Lucknow,"Synthesis, hirshfeld surface analyses and magnetism of a 1D Mn(II) complex",L Lu; J Wang; WP Wu; XR Wu; A Kumar,2016,https://www.lkouniv.ac.in/article/en/papers
SCI024,University of Lucknow,"Investigations and stability analyses of Malin village landslide of Pune district, Maharashtra, India",TN Singh; R Singh; B Singh; LK Sharma; R Singh; MK Ansari,2016,https://www.lkouniv.ac.in/article/en/papers
SCI025,University of Lucknow,"Slope Stability Assessment of Saptashrungi Gad Temple, Vani, Nashik, Maharashtra, India—A Numerical Approach",MK Ansari; M Ahmad; R Singh; TN Singh,2016,https://www.lkouniv.ac.in/article/en/papers
SCI026,University of Lucknow,"Quantitative risk assessment for Saptashrungi Gad Temple road, Vani, Nashik",MK Ansari; R Singh; M Ahmad; TN Singh,2016,https://www.lkouniv.ac.in/article/en/papers
ENG001,University of Lucknow,"Synthesis of novel steroids using Mizoroki-Heck reaction, their spectroscopic analysis, anticancer activity against cervical cancer and DFT studies",A Sethi; P Singh; N Yadav; R Prakash; RP Singh; P Yadav; M Banerjee,2020,https://www.lkouniv.ac.in/en/article/publications-engineering
ENG002,University of Lucknow,"One pot Synthesis of novel pregnane-sulphur prodrugs, spectroscopic investigation, conformational analysis, chemical reactivity, Fukui function and their mathematical model",A Sethi; RP Singh; R Pathak; D Shukla; Amandeep; P Yadav,2020,https://www.lkouniv.ac.in/en/article/publications-engineering
ENG003,University of Lucknow,Use of Chatbot by Artificial Intelligence in Treatment of Health Problem,A Yadav,2020,https://www.lkouniv.ac.in/en/article/publications-engineering
ENG004,University of Lucknow,"Modelling of an offline and online software for normalization of microarray data of gene expression by Perl, Bioperl and PerlTk and Perl-CGI",GK Srivastava; S Kumar; H Pandey,2019,https://www.lkouniv.ac.in/en/article/publications-engineering
ENG005,University of Lucknow,Moving Video Camera Vigilance Using DBSCAN,J Singh; GK Srivastava; H Pandey,2019,https://www.lkouniv.ac.in/en/article/publications-engineering
ENG006,University of Lucknow,"Comprehensive Groundwater Quality Assessment in Lucknow, India: A WAWQI and Spatial Distribution Approach",Aditya Verma; Hrishikesh Kumar Singh; Gaurav Srivastav; Praveen Kumar Yadav,2025,https://www.lkouniv.ac.in/en/article/publications-engineering
ENG007,University of Lucknow,Technologies in Recovery of Oil Spills – A Review,Gaurav Srivastava; Hrishikesh Kumar Singh; Asit Singh,2021,https://www.lkouniv.ac.in/en/article/publications-engineering
ENG008,University of Lucknow,Influence of Power Flow Controller on Energy Transaction Charges in Restructured Power System,G Gupta,2019,https://www.lkouniv.ac.in/en/article/publications-engineering
ENG009,University of Lucknow,Cost Allocation of Reactive Power Using Matrix Methodology in Transmission Network,G Gupta,2018,https://www.lkouniv.ac.in/en/article/publications-engineering
ENG010,University of Lucknow,Consonant-Vowel Recognition in Emotional Environment using Trajectory based Stochastic Feature Mapping,SK Gupta; S Srivastava; J Yadav,2019,https://www.lkouniv.ac.in/en/article/publications-engineering
ENG011,University of Lucknow,Performance Analysis of PV Panel Cooling Using Nano-Dispersed Phase Change Material: A MATLAB Approach,Prakash; Amit; Praveen Kumar Rai; Rahul Kumar; Sanjay Kumar,2026,https://www.lkouniv.ac.in/en/article/publications-engineering
ENG012,University of Lucknow,Direct experimental and electrical characterization of high-angle grain boundaries in epitaxial Cu-films,Dish; Nilabh; Praveen Kumar Rai,2026,https://www.lkouniv.ac.in/en/article/publications-engineering
ART001,University of Lucknow,Anthropo-Therapy: A System of Multiple Therapies and Medicines in India and Other Countries,UP Singh,2018,https://www.lkouniv.ac.in/en/article/publication-arts
ART002,University of Lucknow,"Health-Hygiene Practices found among Kharwar tribal of Deoria, U.P.",G Mishra; UP Singh,2018,https://www.lkouniv.ac.in/en/article/publication-arts
ART003,University of Lucknow,An Estimation of Correlation between the Head Length and the Stature among Kharwar Children,S Verma; UP Singh,2018,https://www.lkouniv.ac.in/en/article/publication-arts
ART004,University of Lucknow,Education facilities and Short Comings of Education among the Meena Tribe of Alvar Rajasthan,A Vimal; UP Singh,2018,https://www.lkouniv.ac.in/en/article/publication-arts
ART005,University of Lucknow,The Technique of Facial Reconstruction; A historical Perspective,S Verma; UP Singh,2017,https://www.lkouniv.ac.in/en/article/publication-arts
ART006,University of Lucknow,Information Needs of Visually Impaired and Physically Challenged Users in University Libraries of Lucknow,Dr. Babita Jaiswal,2018,https://www.lkouniv.ac.in/en/article/publication-arts
ART007,University of Lucknow,Altmetrics: Measuring Societal Impact of Research,Dr. Babita Jaiswal,2017,https://www.lkouniv.ac.in/en/article/publication-arts
ART008,University of Lucknow,Stress in Parents of Intellectually Challenged Children: A Study of a District of Uttar Pradesh,A Shukla; S Pandey,2018,https://www.lkouniv.ac.in/en/article/publication-arts
ART009,University of Lucknow,Relational World of Transgender,A Shukla; D Mehrotra,2018,https://www.lkouniv.ac.in/en/article/publication-arts
JNU_PUB_01,Jawaharlal Nehru University,Understanding blended learning at the intersection of policy discourse and academic discussions,Sareen; S. Mandal,2025,https://www.jnu.ac.in/node/6088
JNU_PUB_02,Jawaharlal Nehru University,Challenges of blended learning in higher education across global north-south,Sareen; S. Mandal,2024,https://www.jnu.ac.in/node/6088
JNU_PUB_03,Jawaharlal Nehru University,Assessing SDG 4 indicators in online and blended higher education within conflict zones,Sareen; S. Mandal,2024,https://www.jnu.ac.in/node/6088
JNU_PUB_04,Jawaharlal Nehru University,Targeting Artemisinin-Resistant Malaria by Repurposing the Anti-Hepatitis C Virus Drug Alisporivir,A. Chaurasiya et al.,2022,https://www.jnu.ac.in/node/6088
IIT_PUB_01,IIT Bombay,Factor based forecasts in universal portfolios via Dirichlet weights,Parthasarathy; P. Bhardwaj; M.K. Hanawal,2025,https://www.ieor.iitb.ac.in/research/pub
IIT_PUB_02,IIT Bombay,Punitive Policies to Combat Misreporting in Dynamic Supply Chains,Madhu Dhiman; Atul Maurya; Veeraruna Kavitha; Priyank Sinha,2025,https://www.ieor.iitb.ac.in/research/pub
IIT_PUB_03,IIT Bombay,Customer Feedback Driven Optimization of Aircraft Flight Sequence Scheduling with Flight leg Priority Assignment and Propagated Delay Minimization,Dhawal M. Thakkar; P. Balamurugan,2025,https://www.ieor.iitb.ac.in/research/pub
IIT_PUB_04,IIT Bombay,Fixed Budget Bayesian Best Arm Identification in Unimodal Bandits,Debamita Ghosh; Manjesh K. Hanawal; Nikola Zlatanov,2025,https://www.ieor.iitb.ac.in/research/pub
DU_PUB_01,University of Delhi,University of Delhi scholarly output in Scopus,University of Delhi faculty,2026,https://crl.du.ac.in/
DU_PUB_02,University of Delhi,"Department of Computer Science publication categories: journals, conferences and books",Department of Computer Science,2026,https://crl.du.ac.in/
BHU_PUB_01,Banaras Hindu University,Impact of Plant Growth Promoting Rhizobacteria in Restoring Soil and Crop Attributes,Anshika Singh; R. K. Srivastava,2025,https://dl.bhu.ac.in/bhuir/
BHU_PUB_02,Banaras Hindu University,Vegetables under siege: the hidden threat of metal contamination in Varanasi's suburban soils,Rashmi K. Singh; Ashish Kumar Mishra; Ansuman Sahoo; Alok Kumar Khare; Supriya P. Tiwari,2025,https://dl.bhu.ac.in/bhuir/
BHU_PUB_03,Banaras Hindu University,"Heavy Metal Analysis of Commercial Rice Grains from Varanasi City of India: Insight into Contamination Level, Daily Intake and Associated Health Risks",Priyanka K. Singh; Rajesh Kumar Sharma; Prince Kumar Singh,2025,https://dl.bhu.ac.in/bhuir/
BHU_PUB_04,Banaras Hindu University,Improvement of soil quality through biochar in rice under wastewater irrigated soil: Effects on heavy metals reduction,Sayon Mukherjee; Satish Kumar Singh; Raimundo Jiménez-Ballesta; Abhik Patra; S. S. Jatav,2025,https://dl.bhu.ac.in/bhuir/
BHU_PUB_05,Banaras Hindu University,Analysis of Solid Waste Management Scenarios in India: A Comparative Case Study of Indore and Varanasi with Special Emphasis on Policy Gaps and Interventions,Deepak Rathore; Ravikant Dubey; R. S. Singh; Amrita Dwivedi,2025,https://dl.bhu.ac.in/bhuir/
BHU_PUB_06,Banaras Hindu University,Upper tropospheric moistening during the Asian summer monsoon in a changing climate,Bhupendra Bahadur Singh; R. Krishnan; T.P. Sabin; Ramesh K. Vellore; Naresh Ganeshi; Manoj K. Srivastava,2024,https://dl.bhu.ac.in/bhuir/
BHU_PUB_07,Banaras Hindu University,Ensemble modelling reveals shrinkage of suitable habitat for Himalayan Boxwood under climate change,Zishan Ahmad Wani; Sajid Khan; Koppineedi V. Satish; Sheikh Marifatul Haq; Shreekar Pant; Sazada Siddiqui,2024,https://dl.bhu.ac.in/bhuir/
BHU_PUB_08,Banaras Hindu University,"Evaluation of farmers' contentment with climate resilient agricultural technologies in Telangana, India",Boda Mahesh Naik; A.K. Singh; Saikat Maji; P. Venkatesan; Rohit Shelar,2024,https://dl.bhu.ac.in/bhuir/
BHU_PUB_09,Banaras Hindu University,Assessment of rainfall variability in Ladakh amidst evolving climate,Richa Singh; R. Bhatla,2024,https://dl.bhu.ac.in/bhuir/
BHU_PUB_10,Banaras Hindu University,Perception of E-learning among Banaras Hindu University Students: A Comprehensive Analysis,Sukhchain Singh; Arun Kumar Singh; Prashish Singh; Priyanka Roy,2024,https://dl.bhu.ac.in/bhuir/
BHU_PUB_11,Banaras Hindu University,A qualitative exploration of stressors and coping strategies of transmen during the global crisis,Akanksha Srivastava; Yogesh Kumar Arya; Shobhna Joshi; Tushar Singh,2024,https://dl.bhu.ac.in/bhuir/
BHU_PUB_12,Banaras Hindu University,Impact of COVID-19 on education in India: stakeholders' voice,Prateek Kalia; Bhavana Behal; Kulvinder Kaur; Deepa Mehta,2024,https://dl.bhu.ac.in/bhuir/
