profile_id,university,school,unit,researcher_or_unit,research_areas,source_type,source_url
LU_ART_01,University of Lucknow,Faculty of Arts,Ancient Indian History and Archaeology,Ancient Indian History and Archaeology,"Study of ancient sites and monuments in Uttar Pradesh, village to village explorations and excavations, cultural sequence, antiquity, settlement pattern, paleo environment, ancient Indian coins, influences and interactions between ancient India Central Asia and South East Asia, ancient polity, administration and good governance",official_research_area,https://www.lkouniv.ac.in/article/en/research-area
LU_ART_02,University of Lucknow,Faculty of Arts,Western History,Western History,"American History, Indians Abroad, Foreign Policy of India, Colonialism and Nationalism, Penal Settlement and Criminal Justice, Western Historiography",official_research_area,https://www.lkouniv.ac.in/article/en/research-area
LU_ART_03,University of Lucknow,Faculty of Arts,Medieval History,Medieval History,"Political History of India, Administrative History of India, Social History of India, Economic History of India, Cultural History of India",official_research_area,https://www.lkouniv.ac.in/article/en/research-area
LU_ART_04,University of Lucknow,Faculty of Arts,Philosophy,Philosophy,"Analytical studies in various disciplines of philosophy, textual studies in selected classics of eastern and western philosophy",official_research_area,https://www.lkouniv.ac.in/article/en/research-area
LU_ART_05,University of Lucknow,Faculty of Arts,Psychology,Psychology,"Mental Health, Stress, Spirituality, Emotional Regulation, Organisational Commitment, Coping Strategies, Problems of Marginalised Groups, Elderly, Challenged Groups, Counselling, Positive living, Happiness, Quality of Life, qualitative research",official_research_area,https://www.lkouniv.ac.in/article/en/research-area
LU_ART_06,University of Lucknow,Faculty of Arts,Sociology,Sociology,"Tradition, Modernity and Globalization in India, Gender Inequality, Politics and Society in India, Weaker Sections, Development and Change, Rural Development, Urban issues, Marginalized sections of society",official_research_area,https://www.lkouniv.ac.in/article/en/research-area
LU_ART_07,University of Lucknow,Faculty of Arts,Sanskrit and Prakrit Languages,Sanskrit and Prakrit Languages,"Vedic studies, Sanskrit literature and poetics, Pali literature, Prakrit literature",official_research_area,https://www.lkouniv.ac.in/article/en/research-area
LU_ART_08,University of Lucknow,Faculty of Arts,Linguistics,Linguistics,"Theoretical Linguistics, Sociolinguistics, Tribal Linguistics, Language Teaching, Neurolinguistics, Translation, Documentation, Generative Syntax, Phonology, Comparative Dravidian",official_research_area,https://www.lkouniv.ac.in/article/en/research-area
LU_ART_09,University of Lucknow,Faculty of Arts,Jyotirvigyan,Jyotirvigyan,"Siddhant Jyotish, Indian Astronomy, Samhita Jyotish, Medini Jyotish, Hora Jyotish, Jatak, Vastu Shastra, traditional Vedic Astronomy, observatory applications",official_research_area,https://www.lkouniv.ac.in/article/en/research-area
LU_ART_10,University of Lucknow,Faculty of Arts,Geography,Geography,"Remote Sensing, Geographical Information System, GIS, statistical software, theoretical and practical research technology",official_research_area,https://www.lkouniv.ac.in/article/en/research-area
LU_ART_11,University of Lucknow,Faculty of Arts,English and Modern European Languages,English and Modern European Languages,"English Language teaching, Stylistics, Discourse Analysis, American literature, Canadian literature, Colonial literature, Post Colonial literature, Theatre studies, Translation, Cultural studies",official_research_area,https://www.lkouniv.ac.in/article/en/research-area
LU_ART_12,University of Lucknow,Faculty of Arts,Economics,Economics,"Agricultural Economics, Rural Development, Economics of Environment, Sustainable Development, Banking and Finance Sector, International Economics and Trade, Public Finance, Development Economics, Econometrics, Mathematical Economics, Industrial Economics, Labour Economics, Demography, Gender Economics, Economics of Uttar Pradesh",official_research_area,https://www.lkouniv.ac.in/article/en/research-area
LU_ART_13,University of Lucknow,Faculty of Arts,Anthropology,Anthropology,"Socio Cultural Anthropology, Ethnographic Research, Peasant Society, Tribal and Rural Development, Mass Media, Visual Anthropology, Museumology, Linguistic Anthropology, Economic Anthropology, Evolutionary Anthropology, Anthropometric Variations, Dermatoglyphics, Serology, Genetic Diversity, Physical Growth and Nutrition, Reproductive and Child Health, Indigenous Healthcare, Ethno Medicine, Epidemiology, Medical Pluralism, Forensic Anthropology, Fingerprint and Document Examination, Forensic Photography, Forensic Biology, Biometrics, Facial Reconstruction, Human Ecology, Climatic Change, Rural and Urban Planning, Disease Ecology, Population Structure, Agriculture Research",official_research_area,https://www.lkouniv.ac.in/article/en/research-area
LU_ART_14,University of Lucknow,Faculty of Arts,Oriental Studies in Arabic and Persian,Oriental Studies in Arabic and Persian,"Pre-Islamic Arabian literature and culture, Indo-Arab literature and culture, Umayyad and Abbasid literature and culture, Modern Arabic literature and culture, Andalusian Arabic literature and culture, Modern Arab history, Indo-Arab relations, Islamic philosophy, mysticism, Muslim arts and architectures, Muslim history, contemporary issues of Arabia",official_research_area,https://www.lkouniv.ac.in/article/en/research-area
LU_ART_15,University of Lucknow,Faculty of Arts,Persian,Persian,"Modern Persian literature, Development of Persian Literature in Awadh, Persian Tazkira writing in India, Persian Lexicography, Travelogues, Sufistic literature, Manuscriptology",official_research_area,https://www.lkouniv.ac.in/article/en/research-area
LU_ART_16,University of Lucknow,Faculty of Arts,Social Work,Social Work,"Government social welfare sector, public and private sector of industry, social work academics, gender issues, MGNREGA, National Health Mission evaluation, sanitation, health and hygiene, community awareness, higher education, occupational transformation",official_research_area,https://www.lkouniv.ac.in/article/en/research-area
LU_ART_17,University of Lucknow,Faculty of Arts,Public Administration,Public Administration,"Administrative Ethics, decision making, public office, administrative corruption, accountability, politician and civil servant relationships, citizen and administrator relationships, decentralized governance, performance evaluation of PRIs, civil services, public delivery system, performance assessment",official_research_area,https://www.lkouniv.ac.in/article/en/research-area
LU_ART_18,University of Lucknow,Faculty of Arts,Library and Information Science,Library and Information Science,"Bibliometrics, knowledge information and communication, library classification",official_research_area,https://www.lkouniv.ac.in/article/en/research-area
LU_COM_01,University of Lucknow,Faculty of Commerce,Online Consumer Behaviour and Marketing,Online Consumer Behaviour and Marketing,"Consumer Behaviour in Online and Offline Platforms, Retail Business, Marketing Communication, Service Quality, Digital Marketing, Consumer Ethnocentrism, CRM",official_research_area,https://www.lkouniv.ac.in/article/en/research-area
LU_COM_02,University of Lucknow,Faculty of Commerce,Sustainable Commerce and Green Products,Sustainable Commerce and Green Products,"Sustainable Development, Sustainability, Green Products, Organic Products",official_research_area,https://www.lkouniv.ac.in/article/en/research-area
LU_COM_03,University of Lucknow,Faculty of Commerce,Finance and Risk,Finance and Risk,"Global Financial System, Financial Derivatives, Risk Management, Strategic Finance, Financial Economics",official_research_area,https://www.lkouniv.ac.in/article/en/research-area
LU_COM_04,University of Lucknow,Faculty of Commerce,Advanced Economic Analysis,Advanced Economic Analysis,"Monetary Theory and Practice, Transport Economics, Logistics, Quantitative Techniques for Economic Analysis, Demographic and Population Studies",official_research_area,https://www.lkouniv.ac.in/article/en/research-area
LU_COM_05,University of Lucknow,Faculty of Commerce,Human Resource Management,Human Resource Management,"Employee Empowerment, Leadership, Conflict, Employer Branding, Green HRM, Emotional Intelligence, Work-Life Balance, Stress Management, Ethics",official_research_area,https://www.lkouniv.ac.in/article/en/research-area
LU_COM_06,University of Lucknow,Faculty of Commerce,International Trade and Banking,International Trade and Banking,"Foreign Trade Policy Procedures and Documentation, International Trade and Banking, International Logistics, Foreign Direct Investment",official_research_area,https://www.lkouniv.ac.in/article/en/research-area
LU_COM_07,University of Lucknow,Faculty of Commerce,Entrepreneurship and Family Business,Entrepreneurship and Family Business,"Small Business, Entrepreneurial Skills, Entrepreneurship, Family Business, Banking, Insurance",official_research_area,https://www.lkouniv.ac.in/article/en/research-area
LU_COM_08,University of Lucknow,Faculty of Commerce,Data Mining and Soft Computing,Data Mining and Soft Computing,"Data Mining, Soft Computing, Cloud Computing",official_research_area,https://www.lkouniv.ac.in/article/en/research-area
LU_EDU_01,University of Lucknow,Faculty of Education,Education,Education,"Teacher education, assessment of teaching and learning, women education, inclusive education, curriculum design and development, disability management, special education, peace education, values, human rights, technological and ICT based innovative practices, educational management, administration and policies, sociological and political dimensions of education, philosophical and psychological aspects, pedagogy, environmental education",official_research_area,https://www.lkouniv.ac.in/article/en/research-area
LU_ENG_01,University of Lucknow,Faculty of Engineering and Technology,Electronics and Communication Engineering,Electronics and Communication Engineering,"Analog signal processing, wireless communication systems, signal processing, image processing",official_research_area,https://www.lkouniv.ac.in/article/en/research-area
LU_ENG_02,University of Lucknow,Faculty of Engineering and Technology,Mechanical Engineering,Mechanical Engineering,"Sustainable development, supply chain management, industrial engineering, polymer welding, solid mechanics, thermal engineering",official_research_area,https://www.lkouniv.ac.in/article/en/research-area
LU_ENG_03,University of Lucknow,Faculty of Engineering and Technology,Electrical Engineering,Electrical Engineering,"Renewable energy resources, power electronics and drives, power systems and protection, transformer protection, artificial intelligence techniques",official_research_area,https://www.lkouniv.ac.in/article/en/research-area
LU_ENG_04,University of Lucknow,Faculty of Engineering and Technology,Computer Science and Engineering,Computer Science and Engineering,"Fuzzy logic, software engineering, data image visualization and processing, artificial intelligence, data analytics, human computer interaction",official_research_area,https://www.lkouniv.ac.in/article/en/research-area
LU_ENG_05,University of Lucknow,Faculty of Engineering and Technology,Civil Engineering,Civil Engineering,"Industrial waste management, construction material, concrete technology, water treatment, supply enhancing technologies, green building strategies",official_research_area,https://www.lkouniv.ac.in/article/en/research-area
LU_ENG_06,University of Lucknow,Faculty of Engineering and Technology,Applied Science and Humanities,Applied Science and Humanities,"Nuclear physics, theoretical physics, nanotechnology, natural product chemistry, synthetic organic chemistry, medicinal chemistry, queuing theory, fuzzy linear programming, mathematical biology and ecology, epidemiology, modeling of environmental pollution",official_research_area,https://www.lkouniv.ac.in/article/en/research-area
LU_FA_01,University of Lucknow,Faculty of Fine Arts,Fine Arts Research,Fine Arts Research,"Contemporary artists, art movements in world art history, printmaking methods and materials, dying methods in printmaking, contemporary art practice, manuscripts and printing history, technology and internet in visual art, creativity, social media and visual language, art houses and galleries, traditional and tribal art, modern art, visual arts, digital printmaking, line form colour space texture",official_research_area,https://www.lkouniv.ac.in/article/en/research-area
LU_SCI_01,University of Lucknow,Faculty of Science,Biochemistry,Biochemistry,"Transgenic Technology, Enzymology, Protein Chemistry, Plant Biochemistry, Animal Biotechnology, Drug Development, Diagnostics, Cancer Molecular Biology, Biochemical Toxicology, Fungal Pathogenesis, Lipid Biochemistry, Bioinformatics",official_research_area,https://www.lkouniv.ac.in/article/en/research-area
LU_SCI_02,University of Lucknow,Faculty of Science,Botany,Botany,"Bryology, Cytogenetics and Plant Breeding, Environment and Soil Science, Floristics and Morphotaxonomy, Molecular Plant Virology and Microbiology, Mycology and Plant Pathology, Phycology, Plant Physiology and Nutrition, Seed Plant Biotechnology",official_research_area,https://www.lkouniv.ac.in/article/en/research-area
LU_SCI_03,University of Lucknow,Faculty of Science,Chemistry,Chemistry,"Supramolecular Chemistry, Organometallic Chemistry, Coordination Chemistry, synthesis and structural chemistry, ion transport, bioinorganic chemistry, environmental chemistry, natural products, carbohydrate chemistry, bio-organic chemistry, synthetic methodology, microwave assisted synthesis, heterocyclic chemistry, NMR spectroscopy, computational chemistry, kinetics, electrocatalysis, polymer chemistry, ion exchange",official_research_area,https://www.lkouniv.ac.in/article/en/research-area
LU_SCI_04,University of Lucknow,Faculty of Science,Computer Science,Computer Science,"Network Security and Reliability, Software Quality and Reliability, Artificial Intelligence",official_research_area,https://www.lkouniv.ac.in/article/en/research-area
LU_SCI_05,University of Lucknow,Faculty of Science,Geology,Geology,"Sedimentology, Structural Geology and Tectonics, Glaciology, Palaeontology, Engineering Geology, Petrology, Ground water resource and management, Environmental Geochemistry, Remote Sensing and GIS",official_research_area,https://www.lkouniv.ac.in/article/en/research-area
LU_SCI_06,University of Lucknow,Faculty of Science,Mathematics and Astronomy,Mathematics and Astronomy,"Differential Geometry, Fluid Mechanics, Approximation Theory, Special Functions, Algebra, Complex Analysis, Differential Equations, Cryptography, Graph Theory, Mathematical Biology, Astrochemistry, Astrobiology",official_research_area,https://www.lkouniv.ac.in/article/en/research-area
LU_SCI_07,University of Lucknow,Faculty of Science,Physics,Physics,"Astrophysics and Cosmology, Condensed Matter Physics, Solid State Physics, High Energy Physics, Liquid Crystals, Materials Science, Nanomaterials, Nuclear Physics, Optoelectronics, Plasma Physics, Quantum Chemistry, Renewable Energy, Sensors, Space and Atmospheric Physics, Spectroscopy",official_research_area,https://www.lkouniv.ac.in/article/en/research-area
LU_SCI_08,University of Lucknow,Faculty of Science,Statistics,Statistics,"Probability, Sampling, Inference, Design of Experiments, Applied Statistics, Gender Statistics, Medical Statistics, Bayesian Statistics, Biostatistics, Psychological Statistics, Educational Statistics, Linear Models, Optimization, Demography",official_research_area,https://www.lkouniv.ac.in/article/en/research-area
LU_SCI_09,University of Lucknow,Faculty of Science,Zoology,Zoology,"Parasitology, Entomology and Pest Management, Chronobiology, Reproductive Biology, Toxicology, Fish Genetic Research, Molecular and Human Genetics, Molecular Endocrinology, Bone Biology, Biodiversity, Wildlife",official_research_area,https://www.lkouniv.ac.in/article/en/research-area
JNU_PHY_01,Jawaharlal Nehru University,School of Physical Sciences,Physics,Alok Kumar Singh Jha,Atomic Structure Calculations; Photon/Electron Atom-Ion Interactions; Atomic Processes in Plasma; Laser Atom Interaction,official_faculty_research_area,https://www.jnu.ac.in/sps_researchareas
JNU_PHY_02,Jawaharlal Nehru University,School of Physical Sciences,Physics,Amit Rai,Quantum optics; quantum simulations of condensed matter and high energy physics; nano and quantum photonics; quantum computation; quantum opto-mechanics; quantum information processing,official_faculty_research_area,https://www.jnu.ac.in/sps_researchareas
JNU_PHY_03,Jawaharlal Nehru University,School of Physical Sciences,Physics,Arvind Kumar,Condensed matter theory and experiments; computational material science; density functional theory; magnetic nanostructures and interfaces; spintronic devices,official_faculty_research_area,https://www.jnu.ac.in/sps_researchareas
JNU_PHY_04,Jawaharlal Nehru University,School of Physical Sciences,Physics,Ashim Kumar Pramanik,Experimental condensed matter physics; magnetism and transport properties; low dimensional systems; frustrated magnetic materials; superconductivity,official_faculty_research_area,https://www.jnu.ac.in/sps_researchareas
JNU_PHY_05,Jawaharlal Nehru University,School of Physical Sciences,Physics,Bhagaban Kisan,Spintronics; magnetism; multiferroic,official_faculty_research_area,https://www.jnu.ac.in/sps_researchareas
JNU_PHY_06,Jawaharlal Nehru University,School of Physical Sciences,Physics,Brijesh Kumar,Condensed matter theory; strongly correlated electronic systems; quantum magnetism,official_faculty_research_area,https://www.jnu.ac.in/sps_researchareas
JNU_PHY_07,Jawaharlal Nehru University,School of Physical Sciences,Physics,Debashis Ghoshal,Quantum field theory; mathematical physics; string theory,official_faculty_research_area,https://www.jnu.ac.in/sps_researchareas
JNU_PHY_08,Jawaharlal Nehru University,School of Physical Sciences,Physics,Kedar Singh,2D materials; quantum dots; MXene; core-shell materials; nanohybrids and composites; transition metal dichalcogenides; phase change materials; PV solar cells; hydrogen evolution; energy storage devices,official_faculty_research_area,https://www.jnu.ac.in/sps_researchareas
JNU_PHY_09,Jawaharlal Nehru University,School of Physical Sciences,Physics,Manish Kumar,Perovskite solar cells; luminescent materials; ion-plasma interaction; spintronics; 2D heterostructures,official_faculty_research_area,https://www.jnu.ac.in/sps_researchareas
JNU_PHY_10,Jawaharlal Nehru University,School of Physical Sciences,Physics,Ng. K. Francis,Modeling particle physics; astroparticles; cosmology; neutrinos; dark matter,official_faculty_research_area,https://www.jnu.ac.in/sps_researchareas
JNU_PHY_11,Jawaharlal Nehru University,School of Physical Sciences,Physics,Pawan Kumar Kulriya,Experimental condensed matter physics,official_faculty_research_area,https://www.jnu.ac.in/sps_researchareas
JNU_PHY_12,Jawaharlal Nehru University,School of Physical Sciences,Physics,Poonam Mehta,Theoretical high energy physics; astroparticle physics; neutrino physics; foundational and geometric aspects of quantum mechanics,official_faculty_research_area,https://www.jnu.ac.in/sps_researchareas
JNU_PHY_13,Jawaharlal Nehru University,School of Physical Sciences,Physics,Pushpendra Kumar,Condensed matter physics; materials for energy storage; batteries; thin-film micro-batteries; 2D materials; PVD; CVD,official_faculty_research_area,https://www.jnu.ac.in/sps_researchareas
JNU_PHY_14,Jawaharlal Nehru University,School of Physical Sciences,Physics,Rabindra Nath Mahato,Magnetic materials; magneto-caloric effect; perovskite; magnetoresistance; nano crystalline manganites,official_faculty_research_area,https://www.jnu.ac.in/sps_researchareas
JNU_PHY_15,Jawaharlal Nehru University,School of Physical Sciences,Physics,Ram Prasad Prajapati,Space and astrophysical plasmas; MHD; instabilities and structure formations; dusty plasmas; degenerate quantum plasmas,official_faculty_research_area,https://www.jnu.ac.in/sps_researchareas
JNU_PHY_16,Jawaharlal Nehru University,School of Physical Sciences,Physics,Sanjay Puri,Nonequilibrium statistical physics; pattern formation; nonlinear dynamics,official_faculty_research_area,https://www.jnu.ac.in/sps_researchareas
JNU_PHY_17,Jawaharlal Nehru University,School of Physical Sciences,Physics,Satyabrata Patnaik,Experimental condensed matter physics; superconductivity; multiferroics; thermoelectric materials,official_faculty_research_area,https://www.jnu.ac.in/sps_researchareas
JNU_PHY_18,Jawaharlal Nehru University,School of Physical Sciences,Physics,Shilpi Agarwal,Optical instrumentation; Raman spectroscopy; digital holography; optoelectronics; biomedical optics,official_faculty_research_area,https://www.jnu.ac.in/sps_researchareas
JNU_PHY_19,Jawaharlal Nehru University,School of Physical Sciences,Physics,Subhashish Ghosh,Phase transition and critical phenomena; organic semiconductors; molecular electronics; graphene; magnetism in oxide semiconductors,official_faculty_research_area,https://www.jnu.ac.in/sps_researchareas
JNU_PHY_20,Jawaharlal Nehru University,School of Physical Sciences,Physics,Tanuja Mohanty,2D materials; nanocomposites; quantum emission; non-linear optics; surface electronic studies,official_faculty_research_area,https://www.jnu.ac.in/sps_researchareas
JNU_CHE_01,Jawaharlal Nehru University,School of Physical Sciences,Chemistry,Ankita Rai,Synthetic organic chemistry; organocatalysis; multicomponent stereoselective synthesis of heterocycles,official_faculty_research_area,https://www.jnu.ac.in/sps_researchareas
JNU_CHE_02,Jawaharlal Nehru University,School of Physical Sciences,Chemistry,Dinabandhu Das,Crystal engineering; supramolecular chemistry; negative thermal expansion; thermomechanical properties; elastoplastic materials,official_faculty_research_area,https://www.jnu.ac.in/sps_researchareas
JNU_CHE_03,Jawaharlal Nehru University,School of Physical Sciences,Chemistry,L Raju Chowhan,Natural products synthesis; asymmetric synthesis; cycloaddition reactions; organocatalysis; multicomponent reactions,official_faculty_research_area,https://www.jnu.ac.in/sps_researchareas
JNU_CHE_04,Jawaharlal Nehru University,School of Physical Sciences,Chemistry,Manoj Munde,Protein-DNA and Drug-DNA interactions; modulators of biomolecular complexes; fluorescent nanoclusters; thermodynamics and kinetics,official_faculty_research_area,https://www.jnu.ac.in/sps_researchareas
JNU_CHE_05,Jawaharlal Nehru University,School of Physical Sciences,Chemistry,Pijus Kumar Sasmal,Bioinorganic chemistry; chemical biology; medicinal chemistry; anticancer and antimicrobial metallodrugs; bioorthogonal catalysis; biosensors,official_faculty_research_area,https://www.jnu.ac.in/sps_researchareas
JNU_CHE_06,Jawaharlal Nehru University,School of Physical Sciences,Chemistry,Pritam Mukhopadhyay,Supramolecular chemistry; organic synthesis; organic piezoelectric/ferroelectric; magnetic and quantum materials,official_faculty_research_area,https://www.jnu.ac.in/sps_researchareas
JNU_CHE_07,Jawaharlal Nehru University,School of Physical Sciences,Chemistry,Ram Sagar,Glyco-chemistry; synthetic organic chemistry; carbohydrates and proteins; medicinal chemistry; chemical biology,official_faculty_research_area,https://www.jnu.ac.in/sps_researchareas
JNU_CHE_08,Jawaharlal Nehru University,School of Physical Sciences,Chemistry,Sanjay Kumar Saroj,Synthetic inorganic materials; photoluminescence; photocatalysis; magnetism; water-splitting,official_faculty_research_area,https://www.jnu.ac.in/sps_researchareas
JNU_CHE_09,Jawaharlal Nehru University,School of Physical Sciences,Chemistry,Sobhan Sen,Ultrafast and single molecule fluorescence spectroscopy; molecular dynamics simulation; biomolecular dynamics,official_faculty_research_area,https://www.jnu.ac.in/sps_researchareas
JNU_CHE_10,Jawaharlal Nehru University,School of Physical Sciences,Chemistry,Supriya Sabbani,Solid state chemistry; metal-organic coordination complexes; polyoxometalates; organic-inorganic hybrid materials; metal-organic framework materials,official_faculty_research_area,https://www.jnu.ac.in/sps_researchareas
JNU_CHE_11,Jawaharlal Nehru University,School of Physical Sciences,Chemistry,Vijay Kumar Goel,Structure-based drug design; peptide chemistry; synthetic organic chemistry; nanotechnology; X-ray crystallography,official_faculty_research_area,https://www.jnu.ac.in/sps_researchareas
JNU_MAT_01,Jawaharlal Nehru University,School of Physical Sciences,Mathematics,Manoj Verma,Analytic number theory,official_faculty_research_area,https://www.jnu.ac.in/sps_researchareas
JNU_MAT_02,Jawaharlal Nehru University,School of Physical Sciences,Mathematics,Om Prakash Meena,Computational fluid dynamics; heat and mass transfer; mathematical modelling,official_faculty_research_area,https://www.jnu.ac.in/sps_researchareas
JNU_MAT_03,Jawaharlal Nehru University,School of Physical Sciences,Mathematics,Rakesh Kumar Meena,Operations research; queueing theory; queueing models; machine repair problems; reliability and availability analysis,official_faculty_research_area,https://www.jnu.ac.in/sps_researchareas
JNU_MAT_04,Jawaharlal Nehru University,School of Physical Sciences,Mathematics,Riddhi Shah,Dynamics of group actions; distal actions; expansive actions; structure of groups; automorphisms of Lie groups,official_faculty_research_area,https://www.jnu.ac.in/sps_researchareas
JNU_MAT_05,Jawaharlal Nehru University,School of Physical Sciences,Mathematics,Smita Sonker,Functional analysis; Fourier approximation; summability theory; operator theory; fixed point theory; Fourier optimization; optimization algorithms,official_faculty_research_area,https://www.jnu.ac.in/sps_researchareas
JNU_MAT_06,Jawaharlal Nehru University,School of Physical Sciences,Mathematics,Ved Prakash Gupta,von Neumann algebras; C*-algebras; tensor products,official_faculty_research_area,https://www.jnu.ac.in/sps_researchareas
JNU_SCIS_01,Jawaharlal Nehru University,School of Computational and Integrative Sciences,Computational & Integrative Sciences,Andrew Lynn,"Sequence, structure and systems bioinformatics; high-throughput omics data; big data analytics; health informatics; machine learning",official_faculty_research_area,https://www.jnu.ac.in/sps_researchareas
JNU_SCIS_02,Jawaharlal Nehru University,School of Computational and Integrative Sciences,Computational & Integrative Sciences,Anirban Chakraborti,Statistical physics; econophysics; sociophysics; computational finance,official_faculty_research_area,https://www.jnu.ac.in/sps_researchareas
JNU_SCIS_03,Jawaharlal Nehru University,School of Computational and Integrative Sciences,Computational & Integrative Sciences,Pradipta Bandyopadhyay,Computational biophysics; proteins; nucleic acid structure and dynamics; machine learning; water structure; thermodynamics and dynamics,official_faculty_research_area,https://www.jnu.ac.in/sps_researchareas
JNU_SCIS_04,Jawaharlal Nehru University,School of Computational and Integrative Sciences,Computational & Integrative Sciences,Shandar Ahmad,Statistical and machine learning applications to biological data; bioinformatics; physics/computer science,official_faculty_research_area,https://www.jnu.ac.in/sps_researchareas
JNU_SCIS_05,Jawaharlal Nehru University,School of Computational and Integrative Sciences,Computational & Integrative Sciences,Binod Kanaujia,Computational electromagnetics; wireless communication; RF and microwave,official_faculty_research_area,https://www.jnu.ac.in/sps_researchareas
JNU_SCIS_06,Jawaharlal Nehru University,School of Computational and Integrative Sciences,Computational & Integrative Sciences,Narinder Sahni,Statistical modelling; big data applied to metabolomics and lipidomics,official_faculty_research_area,https://www.jnu.ac.in/sps_researchareas
JNU_SCIS_07,Jawaharlal Nehru University,School of Computational and Integrative Sciences,Computational & Integrative Sciences,Naidu Subbarao,Structure-based drug designing for infectious disease and cancer,official_faculty_research_area,https://www.jnu.ac.in/sps_researchareas
IIT_CSE_01,IIT Bombay,Computer Science and Engineering,Artificial Intelligence and Machine Learning,CSE Research Group,Information Retrieval; Speech and Natural Language Processing; Learning with Graphs; Reinforcement Learning; Game Theory and Mechanism Design; Image Processing; Computer Vision; Medical Image Computing; Graphics and Animation,official_faculty_research_area,https://www.iitb.ac.in/
IIT_CSE_02,IIT Bombay,Computer Science and Engineering,Computing Systems,CSE Research Group,Computer Networks; Operating Systems; Computer Architecture; Compilers and Programming Languages; Database Systems; Distributed Systems; Network and Information Security; Embedded Systems; Wireless Networks and Sensors; Software Engineering; System Dynamics; Technology for Social Development,official_faculty_research_area,https://www.iitb.ac.in/
IIT_MAT_01,IIT Bombay,Department of Mathematics,Algebra and Number Theory,Keshav Aggarwal,Analytic Number Theory; Automorphic Forms,official_faculty_research_area,https://www.iitb.ac.in/
IIT_MAT_02,IIT Bombay,Department of Mathematics,Algebra and Number Theory,U.K. Anandavardhanan,Number Theory; Automorphic Forms; Representation Theory of p-adic Groups,official_faculty_research_area,https://www.iitb.ac.in/
IIT_MAT_03,IIT Bombay,Department of Mathematics,Algebra and Number Theory,Shripad M. Garge,Algebraic Groups and Related Structures,official_faculty_research_area,https://www.iitb.ac.in/
IIT_MAT_04,IIT Bombay,Department of Mathematics,Algebra and Number Theory,Ananthnarayan Hariharan,Commutative Algebra,official_faculty_research_area,https://www.iitb.ac.in/
IIT_MAT_05,IIT Bombay,Department of Mathematics,Algebra and Number Theory,M.K. Keshari,Commutative Algebra; Projective Modules,official_faculty_research_area,https://www.iitb.ac.in/
IIT_MAT_06,IIT Bombay,Department of Mathematics,Algebra and Number Theory,Sumit Kumar,Number Theory; Automorphic Forms,official_faculty_research_area,https://www.iitb.ac.in/
IIT_MAT_07,IIT Bombay,Department of Mathematics,Algebra and Number Theory,Madhusudan Manjunath,Combinatorial Commutative Algebra; Tropical Algebraic Geometry; Combinatorics,official_faculty_research_area,https://www.iitb.ac.in/
IIT_MAT_08,IIT Bombay,Department of Mathematics,Algebra and Number Theory,Kummari Mallesham,Number Theory,official_faculty_research_area,https://www.iitb.ac.in/
IIT_MAT_09,IIT Bombay,Department of Mathematics,Algebra and Number Theory,Tony J. Puthenpurakal,Blowup Algebras; Hilbert Functions; Local Cohomology; D-modules; Invariant Theory; Complete Intersections; Asymptotic Associate Primes; Endomorphism Rings,official_faculty_research_area,https://www.iitb.ac.in/
IIT_CHE_01,IIT Bombay,Department of Chemistry,Physical/Biological Chemistry,Ruchi Anand,Physical Chemistry; Biological Chemistry,official_faculty_research_area,https://www.iitb.ac.in/
IIT_CHE_02,IIT Bombay,Department of Chemistry,Theory/Materials/Physical Chemistry,Rajarshi Chakrabarti,Theory and Computation; Materials; Physical Chemistry; Biological Chemistry,official_faculty_research_area,https://www.iitb.ac.in/
IIT_CHE_03,IIT Bombay,Department of Chemistry,Materials/Spectroscopy,Arindam Chowdhury,Materials; Spectroscopy; Physical Chemistry,official_faculty_research_area,https://www.iitb.ac.in/
IIT_CHE_04,IIT Bombay,Department of Chemistry,Inorganic Chemistry,Venkatakrishnarao Dasari,Inorganic Chemistry,official_faculty_research_area,https://www.iitb.ac.in/
IIT_CHE_05,IIT Bombay,Department of Chemistry,Materials/Spectroscopy/Physical Chemistry,Anindya Datta,Materials; Spectroscopy; Physical Chemistry,official_faculty_research_area,https://www.iitb.ac.in/
IIT_CHE_06,IIT Bombay,Department of Chemistry,Inorganic Chemistry/Catalysis,Arnab Dutta,Inorganic Chemistry; Catalysis,official_faculty_research_area,https://www.iitb.ac.in/
IIT_CHE_07,IIT Bombay,Department of Chemistry,Theory/Materials/Physical Chemistry,Achintya Kumar Dutta,Theory and Computation; Materials; Physical Chemistry,official_faculty_research_area,https://www.iitb.ac.in/
IIT_CHE_08,IIT Bombay,Department of Chemistry,Organic Chemistry/Catalysis,Rodney A. Fernandes,Synthesis; Catalysis; Organic Chemistry,official_faculty_research_area,https://www.iitb.ac.in/
IIT_CHE_09,IIT Bombay,Department of Chemistry,Organic Chemistry/Catalysis,Santosh J. Gharpure,Synthesis; Catalysis; Organic Chemistry,official_faculty_research_area,https://www.iitb.ac.in/
IIT_CHE_10,IIT Bombay,Department of Chemistry,Inorganic Chemistry/Catalysis,Prasenjit Ghosh,Synthesis; Inorganic Chemistry; Catalysis,official_faculty_research_area,https://www.iitb.ac.in/
IIT_CHE_11,IIT Bombay,Department of Chemistry,Theory/Synthesis/Organic Chemistry,Pradeepkumar P. I.,Theory and Computation; Synthesis; Organic Chemistry,official_faculty_research_area,https://www.iitb.ac.in/
IIT_CHE_12,IIT Bombay,Department of Chemistry,Theory/Materials/Physical Chemistry,Amber Jain,Theory and Computation; Materials; Physical Chemistry,official_faculty_research_area,https://www.iitb.ac.in/
IIT_IEOR_01,IIT Bombay,Industrial Engineering and Operations Research,Operations Research,Jayendran Venkateswaran,Modeling and Distributed Simulation; Integrated Supply Chain Analysis,official_faculty_research_area,https://www.iitb.ac.in/
IIT_IEOR_02,IIT Bombay,Industrial Engineering and Operations Research,Machine Learning/Data Science,P Balamurugan,Machine Learning; Data Mining; Optimization for data science; Longitudinal Data Analysis,official_faculty_research_area,https://www.iitb.ac.in/
IIT_IEOR_03,IIT Bombay,Industrial Engineering and Operations Research,Machine Learning/Networks,Manjesh Hanawal,Communication Networks; Machine Learning; Network Economics,official_faculty_research_area,https://www.iitb.ac.in/
IIT_IEOR_04,IIT Bombay,Industrial Engineering and Operations Research,Operations Research/Machine Learning,N. Hemachandra,Machine Learning; Reinforcement Learning; Neural Networks; Markov decision models; Queueing models; Game theory; Communication networks; Supply chains; Financial Engineering; Logistics; Power systems,official_faculty_research_area,https://www.iitb.ac.in/
IIT_IEOR_05,IIT Bombay,Industrial Engineering and Operations Research,Operations Research/Machine Learning,Veeraruna Kavitha,Reinforcement Learning; Neural Networks; Markov decision models; Queueing models; Game theory; Communication networks; Supply chains; Financial Engineering; Logistics; Power systems,official_faculty_research_area,https://www.iitb.ac.in/
IIT_IEOR_06,IIT Bombay,Industrial Engineering and Operations Research,Control/Systems/Optimization,Madhu Belur,Railway timetabling; operations research; bottleneck identification; congestion control; graph theoretic methods; structural control; allocation and matching,official_faculty_research_area,https://www.iitb.ac.in/
IIT_IEOR_07,IIT Bombay,Industrial Engineering and Operations Research,Networks/Probability,Jayakrishnan Nair,Queueing theory; communication networks; heavy tails,official_faculty_research_area,https://www.iitb.ac.in/
IIT_TARA_01,IIT Bombay,Centre for Technology Alternatives for Rural Areas,Energy and Environment,Anand B. Rao,Energy and Environment; Technology Assessment; Climate Change Mitigation; Carbon Capture and Sequestration; Renewables and Energy Efficiency; Energy Policy and Planning; Rural Energy Consumption; Rural Livelihoods,official_faculty_research_area,https://www.iitb.ac.in/
IIT_TARA_02,IIT Bombay,Centre for Technology Alternatives for Rural Areas,Optimization/Water,Milind A. Sohoni,Combinatorial Optimization; Mathematical Programming; Algorithms; Drinking Water for Rural Areas,official_faculty_research_area,https://www.iitb.ac.in/
IIT_TARA_03,IIT Bombay,Centre for Technology Alternatives for Rural Areas,Rural Development/Policy,Satish B. Agnihotri,Child malnutrition; Renewable Energy and Energy Policy; Gender; Rural development; Mapping Techniques in social sector planning; Public Policy,official_faculty_research_area,https://www.iitb.ac.in/
IIT_TARA_04,IIT Bombay,Centre for Technology Alternatives for Rural Areas,Thermal/Energy,Uday N. Gaitonde,Heat Transfer; Thermodynamics; Energy Conversion,official_faculty_research_area,https://www.iitb.ac.in/
IIT_TARA_05,IIT Bombay,Centre for Technology Alternatives for Rural Areas,Energy Management,Rangan Banerjee,Energy Management; Energy Efficiency; Demand Side Management; Energy Modelling; Power Systems Planning; Energy Planning and Policy; Cogeneration; Fuel cell/Hydrogen storage,official_faculty_research_area,https://www.iitb.ac.in/
DU_CSE_01,University of Delhi,Department of Computer Science,Computer Science Research Area,Algorithms,Algorithms,official_research_area,https://cs.du.ac.in/research/research-areas/
DU_CSE_02,University of Delhi,Department of Computer Science,Computer Science Research Area,Artificial Intelligence,Artificial Intelligence,official_research_area,https://cs.du.ac.in/research/research-areas/
DU_CSE_03,University of Delhi,Department of Computer Science,Computer Science Research Area,Biometrics,Biometrics,official_research_area,https://cs.du.ac.in/research/research-areas/
DU_CSE_04,University of Delhi,Department of Computer Science,Computer Science Research Area,Cloud Computing,Cloud Computing,official_research_area,https://cs.du.ac.in/research/research-areas/
DU_CSE_05,University of Delhi,Department of Computer Science,Computer Science Research Area,Computational Intelligence,Computational Intelligence,official_research_area,https://cs.du.ac.in/research/research-areas/
DU_CSE_06,University of Delhi,Department of Computer Science,Computer Science Research Area,Computer Graphics,Computer Graphics,official_research_area,https://cs.du.ac.in/research/research-areas/
DU_CSE_07,University of Delhi,Department of Computer Science,Computer Science Research Area,Computer Networks,Computer Networks,official_research_area,https://cs.du.ac.in/research/research-areas/
DU_CSE_08,University of Delhi,Department of Computer Science,Computer Science Research Area,Crowd Sourcing,Crowd Sourcing,official_research_area,https://cs.du.ac.in/research/research-areas/
DU_CSE_09,University of Delhi,Department of Computer Science,Computer Science Research Area,Cyber Security,Cyber Security,official_research_area,https://cs.du.ac.in/research/research-areas/
DU_CSE_10,University of Delhi,Department of Computer Science,Computer Science Research Area,Data Mining,Data Mining,official_research_area,https://cs.du.ac.in/research/research-areas/
DU_CSE_11,University of Delhi,Department of Computer Science,Computer Science Research Area,Deep Learning,Deep Learning,official_research_area,https://cs.du.ac.in/research/research-areas/
DU_CSE_12,University of Delhi,Department of Computer Science,Computer Science Research Area,Image Processing,Image Processing,official_research_area,https://cs.du.ac.in/research/research-areas/
DU_CSE_13,University of Delhi,Department of Computer Science,Computer Science Research Area,Information Hiding,Information Hiding,official_research_area,https://cs.du.ac.in/research/research-areas/
DU_CSE_14,University of Delhi,Department of Computer Science,Computer Science Research Area,Information Security,Information Security,official_research_area,https://cs.du.ac.in/research/research-areas/
DU_CSE_15,University of Delhi,Department of Computer Science,Computer Science Research Area,Intelligent Data Analysis,Intelligent Data Analysis,official_research_area,https://cs.du.ac.in/research/research-areas/
DU_CSE_16,University of Delhi,Department of Computer Science,Computer Science Research Area,Machine Learning,Machine Learning,official_research_area,https://cs.du.ac.in/research/research-areas/
DU_CSE_17,University of Delhi,Department of Computer Science,Computer Science Research Area,MultiAgent Systems,MultiAgent Systems,official_research_area,https://cs.du.ac.in/research/research-areas/
DU_CSE_18,University of Delhi,Department of Computer Science,Computer Science Research Area,Network Science,Network Science,official_research_area,https://cs.du.ac.in/research/research-areas/
DU_CSE_19,University of Delhi,Department of Computer Science,Computer Science Research Area,Social Network Analysis,Social Network Analysis,official_research_area,https://cs.du.ac.in/research/research-areas/
DU_CSE_20,University of Delhi,Department of Computer Science,Computer Science Research Area,Software Engineering,Software Engineering,official_research_area,https://cs.du.ac.in/research/research-areas/
DU_CSE_21,University of Delhi,Department of Computer Science,Computer Science Research Area,Steganography and Steganalysis,Steganography and Steganalysis,official_research_area,https://cs.du.ac.in/research/research-areas/
DU_CSE_22,University of Delhi,Department of Computer Science,Computer Science Research Area,Text Analytics,Text Analytics,official_research_area,https://cs.du.ac.in/research/research-areas/
DU_CSE_23,University of Delhi,Department of Computer Science,Computer Science Research Area,Theoretical Computer Science,Theoretical Computer Science,official_research_area,https://cs.du.ac.in/research/research-areas/
DU_CSE_24,University of Delhi,Department of Computer Science,Computer Science Research Area,Trust and Reputation Systems,Trust and Reputation Systems,official_research_area,https://cs.du.ac.in/research/research-areas/
DU_CSE_25,University of Delhi,Department of Computer Science,Computer Science Research Area,Web Applications / Technology enhanced Education (MOOC Platforms),Web Applications / Technology enhanced Education (MOOC Platforms),official_research_area,https://cs.du.ac.in/research/research-areas/
DU_CSE_26,University of Delhi,Department of Computer Science,Computer Science Research Area,Web Intelligence,Web Intelligence,official_research_area,https://cs.du.ac.in/research/research-areas/
DU_CSE_27,University of Delhi,Department of Computer Science,Computer Science Research Area,Web Systems,Web Systems,official_research_area,https://cs.du.ac.in/research/research-areas/
DU_UNI_01,University of Delhi,University-wide,University Research Theme,"Quantum Technologies, Artificial Intelligence and Machine Learning","Quantum Technologies, Artificial Intelligence and Machine Learning",official_research_area,https://cs.du.ac.in/research/research-areas/
DU_UNI_02,University of Delhi,University-wide,University Research Theme,"Climate Change, Sustainable Practices and Development","Climate Change, Sustainable Practices and Development",official_research_area,https://cs.du.ac.in/research/research-areas/
DU_UNI_03,University of Delhi,University-wide,University Research Theme,Technologically Advanced Materials,Technologically Advanced Materials,official_research_area,https://cs.du.ac.in/research/research-areas/
DU_UNI_04,University of Delhi,University-wide,University Research Theme,Bhartiya Gyan Parampara,Bhartiya Gyan Parampara,official_research_area,https://cs.du.ac.in/research/research-areas/
DU_UNI_05,University of Delhi,University-wide,University Research Theme,"Language, Translation and Literary Studies","Language, Translation and Literary Studies",official_research_area,https://cs.du.ac.in/research/research-areas/
DU_UNI_06,University of Delhi,University-wide,University Research Theme,"Heritage, Culture, Music and Arts","Heritage, Culture, Music and Arts",official_research_area,https://cs.du.ac.in/research/research-areas/
DU_UNI_07,University of Delhi,University-wide,University Research Theme,Entrepreneurship and Technology Incubators,Entrepreneurship and Technology Incubators,official_research_area,https://cs.du.ac.in/research/research-areas/
DU_UNI_08,University of Delhi,University-wide,University Research Theme,Geopolitical and Transnational Studies,Geopolitical and Transnational Studies,official_research_area,https://cs.du.ac.in/research/research-areas/
DU_UNI_09,University of Delhi,University-wide,University Research Theme,Social Justice and Community Engagement,Social Justice and Community Engagement,official_research_area,https://cs.du.ac.in/research/research-areas/
DU_UNI_10,University of Delhi,University-wide,University Research Theme,Global Trade and Supply Chain Management,Global Trade and Supply Chain Management,official_research_area,https://cs.du.ac.in/research/research-areas/
DU_UNI_11,University of Delhi,University-wide,University Research Theme,"Informatics, Communications and Media","Informatics, Communications and Media",official_research_area,https://cs.du.ac.in/research/research-areas/
DU_UNI_12,University of Delhi,University-wide,University Research Theme,Leadership and Governance,Leadership and Governance,official_research_area,https://cs.du.ac.in/research/research-areas/
DU_UNI_13,University of Delhi,University-wide,University Research Theme,Corporate Governance and Finance,Corporate Governance and Finance,official_research_area,https://cs.du.ac.in/research/research-areas/
DU_UNI_14,University of Delhi,University-wide,University Research Theme,Contemporary Law and Justice System,Contemporary Law and Justice System,official_research_area,https://cs.du.ac.in/research/research-areas/
DU_UNI_15,University of Delhi,University-wide,University Research Theme,Peace and Conflict Resolution,Peace and Conflict Resolution,official_research_area,https://cs.du.ac.in/research/research-areas/
DU_UNI_16,University of Delhi,University-wide,University Research Theme,Food Security and Agricultural Sciences,Food Security and Agricultural Sciences,official_research_area,https://cs.du.ac.in/research/research-areas/
DU_UNI_17,University of Delhi,University-wide,University Research Theme,Health and Medical Sciences,Health and Medical Sciences,official_research_area,https://cs.du.ac.in/research/research-areas/
DU_UNI_18,University of Delhi,University-wide,University Research Theme,Scientific and Technological Interfaces with Humanities and Social Sciences,Scientific and Technological Interfaces with Humanities and Social Sciences,official_research_area,https://cs.du.ac.in/research/research-areas/
BHU_01,Banaras Hindu University,Institute of Sciences,Computer Science,Department of Computer Science,Parallel Processing; High Performance Computing; Neural Networks; Genetic Algorithms; Software Engineering; Simulation Modeling,official_research_theme,https://www.bhu.ac.in/Images/files/Eng_Annual_Report2011-12.pdf
BHU_02,Banaras Hindu University,Faculty/Institute of Sciences,Geography,Department of Geography,Land Use; Urban Settlement Geography; Resource Surveys; Environmental Analysis through Remote Sensing and GIS; Human Settlement and Population Studies,official_research_theme,https://www.bhu.ac.in/Images/files/Eng_Annual_Report2011-12.pdf
BHU_03,Banaras Hindu University,Faculty/Institute of Sciences,Geology,Department of Geology,Coal Geology; Economic Geology; Geochemistry; Geohydrology; Igneous Petrology; Invertebrate Paleontology; Metamorphic Petrology; Micropaleontology; Oceanography; Marine Geology; Remote Sensing and GIS; Sedimentology; Stratigraphy; Structural Geology and Tectonics,official_research_theme,https://www.bhu.ac.in/Images/files/Eng_Annual_Report2011-12.pdf
BHU_04,Banaras Hindu University,Institute of Environment and Sustainable Development,Environment,IESD,Earth and Atmospheric Sciences; Ecological Sciences; Environmental Microbiology Management; interdisciplinary sustainable systems,official_research_theme,https://www.bhu.ac.in/Images/files/Eng_Annual_Report2011-12.pdf
BHU_05,Banaras Hindu University,Institute of Agricultural Sciences,Agriculture,Agricultural Sciences,Plant Sciences; Soil Health; Agronomy; Horticulture; Biotechnology; Climate-resilient agriculture; Sustainable food systems; Smallholder farmer innovations,official_research_theme,https://www.bhu.ac.in/Images/files/Eng_Annual_Report2011-12.pdf
BHU_06,Banaras Hindu University,Faculty of Arts,Library and Information Science,Library and Information Science,Information Science; scholarly communication; bibliometrics; digital library/repository services,official_research_theme,https://www.bhu.ac.in/Images/files/Eng_Annual_Report2011-12.pdf
BHU_07,Banaras Hindu University,Faculty of Arts,Linguistics,Linguistics,Linguistics; language studies; multilingual and literary studies,official_research_theme,https://www.bhu.ac.in/Images/files/Eng_Annual_Report2011-12.pdf
BHU_08,Banaras Hindu University,Faculty of Social Sciences,Economics,Economics,Economic analysis; trade; development; policy; quantitative methods,official_research_theme,https://www.bhu.ac.in/Images/files/Eng_Annual_Report2011-12.pdf
BHU_09,Banaras Hindu University,Faculty of Social Sciences,Psychology,Psychology,Psychological research; behavioural and mental-health-related studies,official_research_theme,https://www.bhu.ac.in/Images/files/Eng_Annual_Report2011-12.pdf
BHU_10,Banaras Hindu University,Faculty of Social Sciences,Sociology,Sociology,Society; social change; institutions; community and development studies,official_research_theme,https://www.bhu.ac.in/Images/files/Eng_Annual_Report2011-12.pdf
BHU_11,Banaras Hindu University,Faculty of Social Sciences,Political Science,Political Science,Politics; governance; international and domestic political studies,official_research_theme,https://www.bhu.ac.in/Images/files/Eng_Annual_Report2011-12.pdf
BHU_12,Banaras Hindu University,Faculty of Arts,History,History,History; culture; heritage; historical studies,official_research_theme,https://www.bhu.ac.in/Images/files/Eng_Annual_Report2011-12.pdf
BHU_13,Banaras Hindu University,Faculty of Arts,Performing Arts,Performing Arts,Music; dance; performance; musicology,official_research_theme,https://www.bhu.ac.in/Images/files/Eng_Annual_Report2011-12.pdf
BHU_14,Banaras Hindu University,Faculty of Science,Physics,Physics,Physics; theoretical and experimental sciences,official_research_theme,https://www.bhu.ac.in/Images/files/Eng_Annual_Report2011-12.pdf
BHU_15,Banaras Hindu University,Faculty of Science,Chemistry,Chemistry,"Chemistry; molecular, materials and synthetic science",official_research_theme,https://www.bhu.ac.in/Images/files/Eng_Annual_Report2011-12.pdf
